field.pose.position.x,field.pose.position.y,,,,
1.422494888,-9.786700249,,,,
1.390231609,-9.791496277,,,,
1.423665762,-9.786362648,,,,
1.39147532,-9.792715073,,,,
1.422603488,-9.784659386,,,,
1.390005827,-9.791000366,,,,
1.42029047,-9.787474632,,,,
1.389347315,-9.79125309,,,,
1.421443939,-9.787662506,,,,
1.39337647,-9.790542603,,,,
1.419933796,-9.785571098,,,,
1.389859676,-9.791617393,,,,
1.418578148,-9.787998199,,,,
1.391915441,-9.791195869,,,,
1.422286749,-9.787527084,,,,
1.389944196,-9.79216671,,,,
1.420961618,-9.78736496,,,,
1.393380046,-9.79135704,,,,
1.422203302,-9.786546707,,,,
1.388040185,-9.791919708,,,,
1.420200348,-9.787360191,,,,
1.38903904,-9.791399002,,,,
1.421494603,-9.78734684,,,,
1.391072989,-9.79426384,,,,
1.422799468,-9.787232399,,,,
1.390340686,-9.791005135,,,,
1.423576236,-9.785646439,,,,
1.39048326,-9.792132378,,,,
1.421511292,-9.786725044,,,,
1.39038682,-9.79241848,,,,
1.421982288,-9.786471367,,,,
1.38870132,-9.792500496,,,,
1.423651338,-9.787651062,,,,
1.393614173,-9.791172028,,,,
1.421872616,-9.785038948,,,,
1.387838244,-9.790996552,,,,
1.421089888,-9.787250519,,,,
1.390110731,-9.790348053,,,,
1.425071239,-9.786795616,,,,
1.391508579,-9.790402412,,,,
1.424713612,-9.786393166,,,,
1.391011477,-9.790654182,,,,
1.422956228,-9.786795616,,,,
1.389896631,-9.793927193,,,,
1.421861053,-9.787345886,,,,
1.393869519,-9.790594101,,,,
1.425138474,-9.787255287,,,,
1.391683578,-9.7943573,,,,
1.421635389,-9.786379814,,,,
1.390334249,-9.791584015,,,,
1.423406124,-9.787857056,,,,
1.390834212,-9.791553497,,,,
1.422307372,-9.786857605,,,,
1.391222835,-9.791151047,,,,
1.424167395,-9.78543663,,,,
1.390492082,-9.792712212,,,,
1.421145439,-9.787135124,,,,
1.391138196,-9.791461945,,,,
1.423744321,-9.786992073,,,,
1.389800906,-9.793545723,,,,
1.423584342,-9.785422325,,,,
1.392198443,-9.791638374,,,,
1.422459126,-9.787805557,,,,
1.387473822,-9.792285919,,,,
1.421842098,-9.786201477,,,,
1.39101553,-9.79366684,,,,
1.421442509,-9.785503387,,,,
1.389609098,-9.793531418,,,,
1.420565009,-9.78699398,,,,
1.391371131,-9.790884018,,,,
1.423444986,-9.785907745,,,,
1.391981959,-9.793413162,,,,
1.420938373,-9.786119461,,,,
1.387443542,-9.792261124,,,,
1.420768738,-9.786121368,,,,
1.387969851,-9.792085648,,,,
1.424246073,-9.786409378,,,,
1.388458371,-9.793765068,,,,
1.422484517,-9.786211014,,,,
1.391693711,-9.791999817,,,,
1.422340155,-9.786340714,,,,
1.389695525,-9.791668892,,,,
1.42602098,-9.787509918,,,,
1.394332409,-9.792726517,,,,
1.423347235,-9.786487579,,,,
1.390449762,-9.791440964,,,,
1.422991514,-9.787075043,,,,
1.389023185,-9.792197227,,,,
1.424072742,-9.786226273,,,,
1.392115355,-9.790529251,,,,
1.422516346,-9.78638649,,,,
1.390417218,-9.792695045,,,,
1.424568295,-9.788340569,,,,
1.390309453,-9.790413857,,,,
1.423784852,-9.787761688,,,,
1.390620232,-9.791132927,,,,
1.424123883,-9.787963867,,,,
1.391953707,-9.792082787,,,,
1.423413038,-9.78745079,,,,
1.388903737,-9.793002129,,,,
1.424133182,-9.78752327,,,,
1.390540123,-9.790913582,,,,
1.421184659,-9.786481857,,,,
1.392332435,-9.793010712,,,,
1.422539234,-9.786124229,,,,
1.390700102,-9.790472984,,,,
1.425166249,-9.787845612,,,,
1.390452623,-9.791381836,,,,
1.421580315,-9.786306381,,,,
1.390562534,-9.792894363,,,,
1.422752976,-9.785306931,,,,
1.389820218,-9.791089058,,,,
1.422870517,-9.787496567,,,,
1.391293645,-9.790859222,,,,
1.423326254,-9.784451485,,,,
1.391098022,-9.793413162,,,,
1.420872927,-9.786846161,,,,
1.388803959,-9.790670395,,,,
1.424906492,-9.786941528,,,,
1.390671253,-9.791985512,,,,
1.421759844,-9.787983894,,,,
1.391173482,-9.79149437,,,,
1.42269659,-9.786711693,,,,
1.387242436,-9.792160988,,,,
1.420219421,-9.786282539,,,,
1.389407873,-9.791898727,,,,
1.423209667,-9.787665367,,,,
1.388995528,-9.792610168,,,,
1.42287147,-9.786664963,,,,
1.389570594,-9.791025162,,,,
1.420845747,-9.787207603,,,,
1.390031576,-9.792419434,,,,
1.422619462,-9.787109375,,,,
1.390365362,-9.790708542,,,,
1.421399951,-9.78618145,,,,
1.38733089,-9.79305172,,,,
1.423393726,-9.789157867,,,,
1.391419768,-9.790091515,,,,
1.422426581,-9.785601616,,,,
1.389895082,-9.7927742,,,,
1.423348069,-9.788466454,,,,
1.394306421,-9.789671898,,,,
1.424564123,-9.78896904,,,,
1.389786363,-9.790826797,,,,
1.423816085,-9.786214828,,,,
1.390215516,-9.791648865,,,,
1.424618363,-9.786691666,,,,
1.387791991,-9.791786194,,,,
1.422851086,-9.78676033,,,,
1.390882015,-9.789653778,,,,
1.424263477,-9.787828445,,,,
1.391595364,-9.791992188,,,,
1.422261834,-9.785987854,,,,
1.39200747,-9.790868759,,,,
1.42021811,-9.787265778,,,,
1.388401628,-9.791481018,,,,
1.423364639,-9.787064552,,,,
1.391475916,-9.791658401,,,,
1.423144698,-9.785515785,,,,
1.389592767,-9.792077065,,,,
1.420817971,-9.787005425,,,,
1.388268709,-9.791685104,,,,
1.423067927,-9.785142899,,,,
1.38994658,-9.792490959,,,,
1.423551559,-9.786417007,,,,
1.38935864,-9.790505409,,,,
1.421938419,-9.786561012,,,,
1.387106657,-9.792342186,,,,
1.418782711,-9.786841393,,,,
1.388468266,-9.791697502,,,,
1.424392343,-9.786716461,,,,
1.388128042,-9.792290688,,,,
1.420556545,-9.786214828,,,,
1.390110374,-9.793022156,,,,
1.422478914,-9.786725044,,,,
1.389444947,-9.792135239,,,,
1.422944665,-9.78718853,,,,
1.388403177,-9.791609764,,,,
1.42571342,-9.786214828,,,,
1.391226768,-9.792147636,,,,
1.421847582,-9.788205147,,,,
1.392351866,-9.790257454,,,,
1.422323585,-9.787363052,,,,
1.389418483,-9.791507721,,,,
1.424665332,-9.787295341,,,,
1.390269518,-9.791358948,,,,
1.420779943,-9.786324501,,,,
1.387441635,-9.791781425,,,,
1.42113483,-9.786527634,,,,
1.390158534,-9.791487694,,,,
1.422411323,-9.78718853,,,,
1.389521956,-9.791627884,,,,
1.424041748,-9.7861166,,,,
1.390283585,-9.790985107,,,,
1.422612071,-9.787936211,,,,
1.391393065,-9.793566704,,,,
1.422460914,-9.787905693,,,,
1.390688539,-9.790056229,,,,
1.426389337,-9.787853241,,,,
1.391235948,-9.791978836,,,,
1.424433947,-9.787137032,,,,
1.389650941,-9.791842461,,,,
1.426564574,-9.786074638,,,,
1.391170621,-9.791578293,,,,
1.42201817,-9.786752701,,,,
1.392301083,-9.79190731,,,,
1.42278111,-9.785874367,,,,
1.39190805,-9.79279995,,,,
1.424292088,-9.787093163,,,,
1.393334985,-9.791365623,,,,
1.42159009,-9.790930748,,,,
1.408351183,-9.878621101,,,,
1.406895995,-9.978700638,,,,
1.385134101,-10.03572559,,,,
1.398597598,-10.06930065,,,,
1.394410014,-10.0801487,,,,
1.393720269,-10.11727524,,,,
1.374170303,-10.18093491,,,,
1.374384284,-10.24714184,,,,
1.368590236,-10.34257984,,,,
1.375391603,-10.42139244,,,,
1.368089318,-10.51351166,,,,
1.352988958,-10.60053253,,,,
1.340406775,-10.67883873,,,,
1.299984455,-10.74103737,,,,
1.317860365,-10.82972145,,,,
1.307001352,-10.9057703,,,,
1.318353534,-10.99333668,,,,
1.307302713,-11.07134247,,,,
1.301720977,-11.154562,,,,
1.285108924,-11.24366665,,,,
1.31174624,-11.31805801,,,,
1.304434299,-11.41228104,,,,
1.28876996,-11.48500729,,,,
1.289998651,-11.59119129,,,,
1.281955123,-11.66251469,,,,
1.293760061,-11.73784161,,,,
1.276133657,-11.81121159,,,,
1.296412349,-11.9149971,,,,
1.303331137,-11.98600197,,,,
1.284001946,-12.08542061,,,,
1.293874621,-12.18563557,,,,
1.299928427,-12.26467991,,,,
1.286697507,-12.33775997,,,,
1.290547967,-12.41617393,,,,
1.291859031,-12.49687481,,,,
1.300860763,-12.57499504,,,,
1.299679875,-12.63287258,,,,
1.297429204,-12.71351814,,,,
1.30076468,-12.81074142,,,,
1.310475469,-12.90246582,,,,
1.319920421,-12.9939661,,,,
1.308212876,-13.07717419,,,,
1.322534084,-13.15018559,,,,
1.33233726,-13.23470402,,,,
1.338796616,-13.31289005,,,,
1.350655079,-13.39275932,,,,
1.356438041,-13.48746777,,,,
1.357471943,-13.57578182,,,,
1.355054975,-13.66031742,,,,
1.368167877,-13.72480297,,,,
1.369161606,-13.79488564,,,,
1.381994367,-13.87501526,,,,
1.390994191,-13.96615505,,,,
1.39567399,-14.04497337,,,,
1.402032137,-14.14558315,,,,
1.405340672,-14.2196722,,,,
1.402025938,-14.32112885,,,,
1.419126391,-14.40825462,,,,
1.422211409,-14.49487495,,,,
1.433742881,-14.57632446,,,,
1.456227064,-14.65456104,,,,
1.445200205,-14.75206852,,,,
1.475754619,-14.8392849,,,,
1.471452475,-14.91768742,,,,
1.481983066,-15.00251102,,,,
1.490160584,-15.08951664,,,,
1.49716711,-15.17635155,,,,
1.487650156,-15.24727726,,,,
1.5083884,-15.35195827,,,,
1.503447771,-15.43243027,,,,
1.542056918,-15.51852322,,,,
1.531491876,-15.60194683,,,,
1.585188866,-15.69107246,,,,
1.577760577,-15.76770782,,,,
1.608371973,-15.8351469,,,,
1.604267001,-15.95052814,,,,
1.6134758,-16.04346848,,,,
1.651775241,-16.11637497,,,,
1.639508605,-16.1950531,,,,
1.654635906,-16.25692558,,,,
1.667203188,-16.31201935,,,,
1.66473043,-16.4072876,,,,
1.67659533,-16.51995087,,,,
1.6999259,-16.59961128,,,,
1.69806397,-16.68541908,,,,
1.739791274,-16.77600288,,,,
1.750948787,-16.84349251,,,,
1.766131878,-16.91798019,,,,
1.766587853,-17.01147842,,,,
1.781938434,-17.09144402,,,,
1.80381012,-17.20189476,,,,
1.822312832,-17.28827286,,,,
1.84672451,-17.37433624,,,,
1.857292056,-17.46348381,,,,
1.86689651,-17.53623962,,,,
1.907932162,-17.59070587,,,,
1.929255247,-17.66645241,,,,
1.914481759,-17.73402977,,,,
1.925935626,-17.8409996,,,,
1.960646272,-17.93346214,,,,
1.974405527,-18.01087952,,,,
1.976483822,-18.09508896,,,,
1.989120603,-18.19322205,,,,
2.003728867,-18.27848244,,,,
2.021439791,-18.37553406,,,,
2.027727127,-18.46799469,,,,
2.029720545,-18.54041481,,,,
2.060084581,-18.62180519,,,,
2.079833269,-18.71244621,,,,
2.090097904,-18.79995728,,,,
2.095437288,-18.85655975,,,,
2.110455275,-18.95273209,,,,
2.116786003,-19.04371071,,,,
2.160854101,-19.12827683,,,,
2.170870066,-19.2098484,,,,
2.168890953,-19.30289841,,,,
2.174906254,-19.38183975,,,,
2.180110931,-19.48232269,,,,
2.202814102,-19.56273842,,,,
2.226448774,-19.65426636,,,,
2.217030525,-19.75158501,,,,
2.250174522,-19.82207298,,,,
2.25469017,-19.90876198,,,,
2.251324654,-20.00028992,,,,
2.273206949,-20.06606674,,,,
2.281221628,-20.16070938,,,,
2.287920952,-20.25699615,,,,
2.295237064,-20.3516407,,,,
2.314165115,-20.40634346,,,,
2.307025671,-20.4963913,,,,
2.331805706,-20.58556557,,,,
2.319450617,-20.67835808,,,,
2.343842506,-20.77590752,,,,
2.357047558,-20.87103462,,,,
2.365810871,-20.93594933,,,,
2.381286144,-21.01307106,,,,
2.386567831,-21.06516075,,,,
2.388086319,-21.13164711,,,,
2.399515867,-21.21774292,,,,
2.403851748,-21.30875397,,,,
2.413116217,-21.38349152,,,,
2.418464661,-21.45403671,,,,
2.410624981,-21.5412674,,,,
2.425424814,-21.62396622,,,,
2.421929121,-21.70772743,,,,
2.428581238,-21.79752922,,,,
2.446516991,-21.86771774,,,,
2.413873672,-21.9521904,,,,
2.440928221,-22.01859474,,,,
2.437278986,-22.07413864,,,,
2.433069944,-22.1808567,,,,
2.432757378,-22.24903107,,,,
2.442184448,-22.32473183,,,,
2.449625969,-22.40125084,,,,
2.446724653,-22.50803375,,,,
2.430659056,-22.60853195,,,,
2.454977751,-22.69850922,,,,
2.458811283,-22.77925301,,,,
2.460562944,-22.85478401,,,,
2.456525087,-22.95113182,,,,
2.458843708,-23.03066635,,,,
2.441036463,-23.0807209,,,,
2.440609455,-23.19215965,,,,
2.443075657,-23.25839043,,,,
2.441568851,-23.32763672,,,,
2.425825596,-23.40117836,,,,
2.417901278,-23.49585152,,,,
2.405802965,-23.59009361,,,,
2.430882931,-23.66107178,,,,
2.409581423,-23.76096535,,,,
2.414054394,-23.82075691,,,,
2.367640018,-23.91354752,,,,
2.39140892,-24.00906754,,,,
2.354351997,-24.09214401,,,,
2.377444506,-24.15822792,,,,
2.354691744,-24.2562809,,,,
2.353492022,-24.31034088,,,,
2.308723211,-24.38813019,,,,
2.336476326,-24.47973824,,,,
2.330369234,-24.55825233,,,,
2.322701931,-24.62545776,,,,
2.280405045,-24.7130146,,,,
2.290624857,-24.8052578,,,,
2.269249439,-24.86537361,,,,
2.26306057,-24.92144966,,,,
2.223731518,-24.99918365,,,,
2.198420525,-25.09547424,,,,
2.194686413,-25.19677734,,,,
2.179525375,-25.29889679,,,,
2.177325249,-25.38145256,,,,
2.136306763,-25.46888161,,,,
2.12802577,-25.53354073,,,,
2.116753817,-25.60414696,,,,
2.101607561,-25.66527367,,,,
2.082392931,-25.77500916,,,,
2.07551527,-25.87961388,,,,
2.036714792,-25.94412613,,,,
2.039200544,-26.03116035,,,,
2.011100292,-26.10368538,,,,
1.973572254,-26.17585564,,,,
1.953645229,-26.2461071,,,,
1.931489468,-26.31165695,,,,
1.900695801,-26.39706612,,,,
1.866422176,-26.45757294,,,,
1.864737272,-26.56832314,,,,
1.827373862,-26.62493706,,,,
1.833622694,-26.70622444,,,,
1.808083177,-26.78954315,,,,
1.769659281,-26.8768692,,,,
1.739364505,-26.93205833,,,,
1.716002584,-27.04201508,,,,
1.694456577,-27.14255714,,,,
1.664929986,-27.23005676,,,,
1.621674299,-27.30564117,,,,
1.592195868,-27.38951683,,,,
1.536687493,-27.45269585,,,,
1.534672737,-27.5316143,,,,
1.514012456,-27.614254,,,,
1.451752305,-27.63077736,,,,
1.446863055,-27.77974319,,,,
1.420891047,-27.84828377,,,,
1.396012068,-27.92074203,,,,
1.354914546,-28.00089455,,,,
1.304767489,-28.07728195,,,,
1.270566702,-28.14159393,,,,
1.207854748,-28.21346855,,,,
1.180240035,-28.28546333,,,,
1.168483377,-28.37322235,,,,
1.120120645,-28.42505074,,,,
1.088722944,-28.50352478,,,,
1.050691485,-28.57991791,,,,
1.02311337,-28.65216827,,,,
0.950810254,-28.72069168,,,,
0.956948876,-28.78967857,,,,
0.907269478,-28.87342644,,,,
0.870103896,-28.95708466,,,,
0.846565068,-29.01075172,,,,
0.775318325,-29.0811348,,,,
0.767937481,-29.14870262,,,,
0.704551339,-29.21486282,,,,
0.682236969,-29.27970314,,,,
0.624014139,-29.34028625,,,,
0.685781062,-29.43708992,,,,
0.625586212,-29.48060608,,,,
0.529441357,-29.53738976,,,,
0.442851573,-29.61373138,,,,
0.383759737,-29.67074776,,,,
0.325711697,-29.72951889,,,,
0.282900333,-29.79876709,,,,
0.230491638,-29.86289024,,,,
0.164296806,-29.90252304,,,,
0.13646847,-29.97287178,,,,
0.086975649,-30.04079437,,,,
0.036639832,-30.10110664,,,,
-0.001571224,-30.18019295,,,,
-0.083658896,-30.22877693,,,,
-0.105025239,-30.28672028,,,,
-0.157819003,-30.3427372,,,,
-0.181946948,-30.42039871,,,,
-0.249820575,-30.47377014,,,,
-0.256668359,-30.53721237,,,,
-0.315796822,-30.588871,,,,
-0.37774992,-30.64982224,,,,
-0.441965848,-30.70596886,,,,
-0.505561352,-30.76373863,,,,
-0.594085038,-30.81263924,,,,
-0.626548171,-30.87712479,,,,
-0.728128791,-30.92432785,,,,
-0.777511179,-30.98468781,,,,
-0.664007604,-31.06679916,,,,
-0.910463929,-31.09204292,,,,
-0.964114547,-31.15468407,,,,
-1.026646137,-31.21460152,,,,
-1.086588383,-31.26807022,,,,
-1.127046824,-31.32264519,,,,
-1.196143985,-31.37256241,,,,
-1.228782296,-31.40990067,,,,
-1.293913126,-31.4793644,,,,
-1.363764882,-31.53090668,,,,
-1.437822819,-31.57605553,,,,
-1.494023919,-31.6237278,,,,
-1.567422748,-31.67316628,,,,
-1.640605927,-31.71751976,,,,
-1.704027295,-31.74782562,,,,
-1.750720501,-31.81252098,,,,
-1.84828949,-31.86875725,,,,
-1.905294299,-31.91472816,,,,
-1.966894627,-31.95215034,,,,
-2.015429735,-31.99846458,,,,
-2.120261431,-32.0362587,,,,
-2.174841166,-32.07861328,,,,
-2.236615658,-32.11825562,,,,
-2.292634964,-32.15858078,,,,
-2.369573355,-32.20985413,,,,
-2.430904865,-32.26226807,,,,
-2.474819899,-32.30863571,,,,
-2.567317963,-32.34149551,,,,
-2.610953808,-32.3778038,,,,
-2.71949172,-32.40418243,,,,
-2.753948689,-32.4539566,,,,
-2.831712008,-32.49150848,,,,
-2.879872084,-32.53512573,,,,
-2.961593628,-32.56755066,,,,
-3.041927576,-32.61597443,,,,
-3.10698247,-32.65491486,,,,
-3.216049194,-32.65645599,,,,
-3.278739929,-32.69051743,,,,
-3.3433218,-32.73051453,,,,
-3.426522017,-32.77051926,,,,
-3.492209435,-32.80758667,,,,
-3.573991776,-32.83987427,,,,
-3.650895119,-32.86365128,,,,
-3.696964502,-32.89078522,,,,
-3.779747725,-32.93062973,,,,
-3.87897563,-32.96232224,,,,
-3.95142436,-32.98657608,,,,
-4.018517971,-33.02823257,,,,
-4.100157261,-33.05111313,,,,
-4.174866676,-33.07376862,,,,
-4.242316723,-33.09742355,,,,
-4.323917389,-33.13107681,,,,
-4.417870998,-33.14438629,,,,
-4.487833023,-33.17306519,,,,
-4.542041779,-33.21176147,,,,
-4.6381464,-33.22363663,,,,
-4.712041378,-33.2677803,,,,
-4.764898777,-33.30262375,,,,
-4.881623268,-33.31069565,,,,
-4.92042017,-33.34581375,,,,
-5.021582127,-33.36559296,,,,
-5.082515717,-33.35778046,,,,
-5.177834511,-33.39920044,,,,
-5.25356245,-33.42507935,,,,
-5.323871613,-33.44602203,,,,
-5.416802406,-33.46804428,,,,
-5.487694263,-33.4911499,,,,
-5.562010288,-33.51514816,,,,
-5.660349369,-33.53477478,,,,
-5.734447479,-33.53419113,,,,
-5.818417549,-33.55028152,,,,
-5.89310503,-33.55738449,,,,
-5.976481438,-33.59370804,,,,
-6.052730083,-33.61541367,,,,
-6.140758514,-33.63457489,,,,
-6.208714962,-33.65147781,,,,
-6.296482563,-33.65937805,,,,
-6.383769512,-33.66713715,,,,
-6.469202995,-33.67752838,,,,
-6.551541805,-33.69802856,,,,
-6.638804913,-33.71817398,,,,
-6.715874195,-33.72726822,,,,
-6.833795071,-33.71986389,,,,
-6.890794754,-33.748909,,,,
-6.970635414,-33.76128387,,,,
-7.044580936,-33.77124023,,,,
-7.125005245,-33.78342056,,,,
-7.203661442,-33.78704834,,,,
-7.281147003,-33.80318069,,,,
-7.384305954,-33.80143356,,,,
-7.426067352,-33.81703186,,,,
-7.543134689,-33.8038559,,,,
-7.629383564,-33.83401871,,,,
-7.724676132,-33.8355751,,,,
-7.786013126,-33.85373688,,,,
-7.898994923,-33.84992981,,,,
-7.95567894,-33.8629837,,,,
-8.074090958,-33.8666954,,,,
-8.125248909,-33.87688828,,,,
-8.252067566,-33.87033844,,,,
-8.303219795,-33.87664795,,,,
-8.395390511,-33.88318634,,,,
-8.454580307,-33.89286804,,,,
-8.561051369,-33.89659119,,,,
-8.608319283,-33.8986702,,,,
-8.72094059,-33.89915085,,,,
-8.776518822,-33.90803528,,,,
-8.878207207,-33.90268326,,,,
-8.961725235,-33.89886475,,,,
-9.062261581,-33.89846802,,,,
-9.109658241,-33.89754868,,,,
-9.223575592,-33.89648438,,,,
-9.284311295,-33.89302063,,,,
-9.384048462,-33.90171051,,,,
-9.451300621,-33.89985657,,,,
-9.547397614,-33.90258789,,,,
-9.632187843,-33.90290833,,,,
-9.719614983,-33.90010452,,,,
-9.814088821,-33.88995361,,,,
-9.892136574,-33.88656616,,,,
-9.979631424,-33.88550949,,,,
-10.0551796,-33.88132477,,,,
-10.1362114,-33.87773514,,,,
-10.22255993,-33.87428284,,,,
-10.31928825,-33.87141037,,,,
-10.41000843,-33.8567276,,,,
-10.51814461,-33.83267212,,,,
-10.60211086,-33.83449936,,,,
-10.69062328,-33.83001709,,,,
-10.76675892,-33.82269287,,,,
-10.8429575,-33.81458664,,,,
-10.92056561,-33.81454849,,,,
-11.02005291,-33.80544281,,,,
-11.11335659,-33.79510498,,,,
-11.20303345,-33.77815247,,,,
-11.28407192,-33.77510071,,,,
-11.37627506,-33.76475525,,,,
-11.46872044,-33.76338577,,,,
-11.56792736,-33.72680664,,,,
-11.65256977,-33.733284,,,,
-11.72288513,-33.72585297,,,,
-11.8333149,-33.71191406,,,,
-11.90317535,-33.69876099,,,,
-11.96428108,-33.69219208,,,,
-12.07347012,-33.6818428,,,,
-12.15931606,-33.67047501,,,,
-12.25397396,-33.65839386,,,,
-12.33470535,-33.6493988,,,,
-12.43664742,-33.62914658,,,,
-12.52393436,-33.61392593,,,,
-12.6104641,-33.60979843,,,,
-12.68925667,-33.60333633,,,,
-12.76332188,-33.60456085,,,,
-12.83630276,-33.58277893,,,,
-12.94077301,-33.5695076,,,,
-13.01599121,-33.55648804,,,,
-13.09399128,-33.54506683,,,,
-13.17315006,-33.53772736,,,,
-13.25815201,-33.51615524,,,,
-13.36644173,-33.53157425,,,,
-13.45005131,-33.50966263,,,,
-13.54089069,-33.48477173,,,,
-13.62402344,-33.46079254,,,,
-13.72241116,-33.44375992,,,,
-13.79533768,-33.43486786,,,,
-13.89223385,-33.41986465,,,,
-13.98144054,-33.40623093,,,,
-14.08824825,-33.38326263,,,,
-14.12381172,-33.37891769,,,,
-14.21855164,-33.36226654,,,,
-14.2959547,-33.32651901,,,,
-14.39743328,-33.32466125,,,,
-14.45647621,-33.31132507,,,,
-14.55635262,-33.29232025,,,,
-14.64023972,-33.27770996,,,,
-14.72852421,-33.25998306,,,,
-14.81548119,-33.2414856,,,,
-14.90630627,-33.21796036,,,,
-14.98672009,-33.20215607,,,,
-15.0794611,-33.18088531,,,,
-15.15848827,-33.16369247,,,,
-15.25377178,-33.14191437,,,,
-15.3445425,-33.13101959,,,,
-15.43124294,-33.11433411,,,,
-15.51513672,-33.08255005,,,,
-15.6076498,-33.06327057,,,,
-15.70140457,-33.03787231,,,,
-15.77312851,-33.02441025,,,,
-15.86393261,-33.00645447,,,,
-15.95166302,-32.98312378,,,,
-16.04920387,-32.96663284,,,,
-16.14837456,-32.94846344,,,,
-16.23752403,-32.92619705,,,,
-16.29316711,-32.90364075,,,,
-16.39256096,-32.87437058,,,,
-16.4869976,-32.86937332,,,,
-16.57504463,-32.86117554,,,,
-16.66375923,-32.84215927,,,,
-16.73633766,-32.80889893,,,,
-16.82006836,-32.76535797,,,,
-16.9125576,-32.76416779,,,,
-16.98626328,-32.73899841,,,,
-17.08549881,-32.72309494,,,,
-17.15695,-32.72145081,,,,
-17.25106049,-32.69639969,,,,
-17.33139038,-32.66265488,,,,
-17.41352081,-32.64445877,,,,
-17.48641586,-32.62400818,,,,
-17.68574905,-32.58322144,,,,
-17.78948402,-32.55201721,,,,
-17.87104034,-32.5273819,,,,
-17.95778084,-32.50499725,,,,
-18.03331757,-32.48222351,,,,
-18.1202507,-32.4647522,,,,
-18.19424438,-32.4622345,,,,
-18.30785179,-32.45588303,,,,
-18.39245415,-32.43057632,,,,
-18.45811081,-32.40419769,,,,
-18.53764153,-32.37597275,,,,
-18.61693001,-32.35178757,,,,
-18.78976631,-32.34013748,,,,
-18.87573433,-32.31623077,,,,
-19.04078865,-32.28563309,,,,
-19.28082466,-32.23453522,,,,
-19.4523468,-32.2014389,,,,
-19.5382309,-32.18241501,,,,
-19.62786102,-32.16959,,,,
-19.70894623,-32.15644836,,,,
-19.79438972,-32.14264679,,,,
-19.86631203,-32.12876511,,,,
-19.93573761,-32.11985779,,,,
-20.04821968,-32.09989548,,,,
-20.15319633,-32.0694046,,,,
-20.23037338,-32.05952072,,,,
-20.29467201,-32.04546738,,,,
-20.38451576,-32.04491806,,,,
-20.48638153,-32.03662491,,,,
-20.6480484,-32.00563431,,,,
-20.72978973,-31.99601746,,,,
-20.83454704,-31.97241211,,,,
-20.91444397,-31.96610641,,,,
-21.01303673,-31.96781921,,,,
-21.0922966,-31.93450928,,,,
-21.18297005,-31.91937828,,,,
-21.2614212,-31.90982056,,,,
-21.33482933,-31.88842583,,,,
-21.43142319,-31.87453842,,,,
-21.49899673,-31.88003349,,,,
-21.61340141,-31.87050056,,,,
-21.69208527,-31.85605812,,,,
-21.77412987,-31.84151077,,,,
-21.86754036,-31.83788109,,,,
-21.95291328,-31.83262253,,,,
-22.05219078,-31.82620049,,,,
-22.1304245,-31.81123352,,,,
-22.21536255,-31.79996681,,,,
-22.31261063,-31.79231453,,,,
-22.38093376,-31.77750778,,,,
-22.48308754,-31.77681732,,,,
-22.56248665,-31.77116203,,,,
-22.65591431,-31.75830078,,,,
-22.73866653,-31.75378227,,,,
-22.83542061,-31.7465992,,,,
-22.9161644,-31.73410988,,,,
-23.00030708,-31.72411919,,,,
-23.08529472,-31.71932411,,,,
-23.18910027,-31.71151161,,,,
-23.26838303,-31.70961189,,,,
-23.34602737,-31.70592308,,,,
-23.43038368,-31.69446564,,,,
-23.5150795,-31.68841553,,,,
-23.60934639,-31.68201256,,,,
-23.71066856,-31.66065598,,,,
-23.76950836,-31.67035484,,,,
-23.86322594,-31.67442703,,,,
-23.95218277,-31.66220474,,,,
-24.03344536,-31.66163254,,,,
-24.12393761,-31.65748978,,,,
-24.21086121,-31.65293884,,,,
-24.31703377,-31.63651276,,,,
-24.37833786,-31.64753914,,,,
-24.47767067,-31.63710213,,,,
-24.5431118,-31.63404274,,,,
-24.66340446,-31.62912178,,,,
-24.70416832,-31.62035942,,,,
-24.8216114,-31.61877632,,,,
-24.88902473,-31.61767006,,,,
-24.99754334,-31.60577583,,,,
-25.07556343,-31.60449982,,,,
-25.16300201,-31.60962296,,,,
-25.24648476,-31.61370087,,,,
-25.32689285,-31.60637283,,,,
-25.40963936,-31.60712814,,,,
-25.49770737,-31.60622787,,,,
-25.60309219,-31.59680367,,,,
-25.68390465,-31.60025215,,,,
-25.76215935,-31.5987854,,,,
-25.84053802,-31.59863472,,,,
-25.92445946,-31.58875275,,,,
-26.01597977,-31.57867813,,,,
-26.10382652,-31.5789566,,,,
-26.1713829,-31.59590912,,,,
-26.28534126,-31.59322929,,,,
-26.35070419,-31.5961628,,,,
-26.46987915,-31.60112,,,,
-26.50878143,-31.60341263,,,,
-26.61642647,-31.59695816,,,,
-26.70367622,-31.60320091,,,,
-26.79469299,-31.59992218,,,,
-26.87614822,-31.60388947,,,,
-26.98241043,-31.60964966,,,,
-27.04608917,-31.60536766,,,,
-27.15738297,-31.60355568,,,,
-27.21090317,-31.6053772,,,,
-27.32904053,-31.60309601,,,,
-27.37563324,-31.60775948,,,,
-27.4889946,-31.61217499,,,,
-27.56839752,-31.61974907,,,,
-27.66784477,-31.61789894,,,,
-27.7346077,-31.62215042,,,,
-27.82541466,-31.61849785,,,,
-27.90783882,-31.62217712,,,,
-27.99828148,-31.62482452,,,,
-28.09077263,-31.62766838,,,,
-28.19504738,-31.62631989,,,,
-28.26688766,-31.60955429,,,,
-28.38896179,-31.62543106,,,,
-28.45079231,-31.62932587,,,,
-28.54260635,-31.63409424,,,,
-28.60091782,-31.63456917,,,,
-28.68587875,-31.64892578,,,,
-28.81038094,-31.6381588,,,,
-28.88044357,-31.635355,,,,
-28.9818325,-31.64492226,,,,
-29.06318665,-31.65139961,,,,
-29.13381386,-31.66343689,,,,
-29.23366928,-31.64498901,,,,
-29.33115768,-31.64514542,,,,
-29.4320488,-31.64261818,,,,
-29.52454567,-31.63764954,,,,
-29.59375763,-31.64882469,,,,
-29.69542122,-31.65558243,,,,
-29.76480103,-31.65648651,,,,
-29.89882278,-31.66083908,,,,
-29.96183968,-31.64953613,,,,
-30.0656395,-31.64915848,,,,
-30.14682007,-31.65128136,,,,
-30.24067688,-31.65850639,,,,
-30.32077789,-31.67102623,,,,
-30.39987755,-31.67006302,,,,
-30.49738312,-31.65744972,,,,
-30.58231926,-31.66249847,,,,
-30.68779564,-31.65987015,,,,
-30.73900414,-31.6720562,,,,
-30.84044456,-31.6782093,,,,
-30.92418861,-31.67870903,,,,
-31.04083633,-31.66486549,,,,
-31.11379051,-31.6819191,,,,
-31.22112656,-31.67518616,,,,
-31.27855492,-31.66947174,,,,
-31.38562012,-31.68611145,,,,
-31.47267723,-31.68985748,,,,
-31.55079079,-31.69600677,,,,
-31.63473892,-31.70906448,,,,
-31.72782707,-31.70578384,,,,
-31.82937813,-31.70116043,,,,
-31.92942619,-31.69301033,,,,
-32.00904083,-31.69994926,,,,
-32.11502457,-31.71577072,,,,
-32.19405365,-31.69007874,,,,
-32.28506088,-31.69242096,,,,
-32.37088776,-31.69331932,,,,
-32.44436646,-31.69473267,,,,
-32.53060913,-31.69758224,,,,
-32.63323212,-31.71620178,,,,
-32.72742081,-31.70122528,,,,
-32.81140518,-31.69556427,,,,
-32.91757965,-31.70863342,,,,
-32.9577446,-31.71325493,,,,
-33.07962799,-31.72271156,,,,
-33.12207031,-31.72795677,,,,
-33.25380707,-31.72354317,,,,
-33.34145737,-31.70451164,,,,
-33.42682266,-31.7320919,,,,
-33.50217056,-31.73069954,,,,
-33.58036041,-31.73290253,,,,
-33.66354752,-31.72941208,,,,
-33.75676346,-31.73062134,,,,
-33.86291122,-31.71495247,,,,
-33.94519424,-31.737854,,,,
-34.04037476,-31.73736954,,,,
-34.10048676,-31.73752403,,,,
-34.22703552,-31.73666,,,,
-34.28426743,-31.74138641,,,,
-34.40200806,-31.73809242,,,,
-34.45643997,-31.7394104,,,,
-34.58055115,-31.7264328,,,,
-34.65192032,-31.72373772,,,,
-34.75676727,-31.72501564,,,,
-34.80211258,-31.74156761,,,,
-34.93729019,-31.7433033,,,,
-35.00607681,-31.74797821,,,,
-35.11063385,-31.73309517,,,,
-35.19845581,-31.73918915,,,,
-35.31159592,-31.74040413,,,,
-35.37802505,-31.73864937,,,,
-35.48168564,-31.7370472,,,,
-35.58208847,-31.76508141,,,,
-35.65076447,-31.75440216,,,,
-35.76825333,-31.75680351,,,,
-35.82177353,-31.74472046,,,,
-35.93884277,-31.76144028,,,,
-35.9931488,-31.75810814,,,,
-36.10718155,-31.76868629,,,,
-36.15851212,-31.76269722,,,,
-36.271595,-31.77211952,,,,
-36.33909225,-31.76225472,,,,
-36.44766235,-31.76820374,,,,
-36.53512955,-31.75846672,,,,
-36.61526871,-31.77240753,,,,
-36.69827652,-31.78113747,,,,
-36.79237747,-31.77526474,,,,
-36.88354874,-31.76502419,,,,
-36.96489334,-31.77851677,,,,
-37.07717896,-31.77046585,,,,
-37.14834595,-31.78019333,,,,
-37.26473236,-31.77256584,,,,
-37.31682968,-31.7806282,,,,
-37.43534088,-31.78546715,,,,
-37.48875427,-31.7877655,,,,
-37.61819458,-31.79026031,,,,
-37.66047668,-31.79205894,,,,
-37.77839279,-31.77676582,,,,
-37.86206818,-31.79540825,,,,
-37.95390701,-31.79115868,,,,
-38.02971649,-31.7824192,,,,
-38.13367844,-31.78507805,,,,
-38.21043777,-31.81752205,,,,
-38.31660843,-31.79067421,,,,
-38.40737534,-31.79478455,,,,
-38.51292038,-31.79401588,,,,
-38.59217453,-31.80210876,,,,
-38.66286469,-31.79631233,,,,
-38.74830246,-31.80014229,,,,
-38.83612823,-31.80294037,,,,
-38.93921661,-31.81708336,,,,
-39.03828049,-31.79678535,,,,
-39.10221863,-31.80675125,,,,
-39.21377182,-31.81781197,,,,
-39.29075623,-31.81816101,,,,
-39.38258362,-31.81592941,,,,
-39.47302246,-31.81373024,,,,
-39.55931854,-31.8167057,,,,
-39.63908005,-31.81858063,,,,
-39.73022842,-31.81967926,,,,
-39.8067627,-31.80695343,,,,
-39.89952087,-31.81877899,,,,
-39.98392487,-31.81412506,,,,
-40.08670425,-31.82988739,,,,
-40.17763138,-31.82847977,,,,
-40.29788971,-31.83895302,,,,
-40.36234665,-31.83405876,,,,
-40.43426895,-31.84854126,,,,
-40.52359009,-31.83657455,,,,
-40.61958313,-31.82282639,,,,
-40.7117691,-31.83250618,,,,
-40.82128525,-31.84149551,,,,
-40.87801361,-31.83721542,,,,
-40.99887466,-31.84960938,,,,
-41.05388641,-31.84474182,,,,
-41.18531036,-31.84976387,,,,
-41.23144913,-31.85150719,,,,
-41.35704803,-31.8466301,,,,
-41.43725204,-31.86403275,,,,
-41.51343918,-31.85746193,,,,
-41.6151886,-31.86752701,,,,
-41.66537857,-31.86353493,,,,
-41.79243088,-31.86219788,,,,
-41.85477066,-31.86437988,,,,
-41.96593857,-31.86887169,,,,
-42.02230453,-31.86982727,,,,
-42.14374542,-31.86628342,,,,
-42.20542526,-31.87174606,,,,
-42.33041763,-31.8752861,,,,
-42.38090134,-31.87205315,,,,
-42.49861145,-31.87451172,,,,
-42.54236221,-31.87395859,,,,
-42.62859344,-31.88017845,,,,
-42.72532654,-31.88734627,,,,
-42.82381821,-31.89552689,,,,
-42.91750336,-31.88251877,,,,
-43.02210236,-31.88327599,,,,
-43.08017349,-31.88252068,,,,
-43.20379639,-31.89070511,,,,
-43.25880814,-31.89163589,,,,
-43.37850189,-31.88985062,,,,
-43.43820572,-31.8847599,,,,
-43.564785,-31.89478302,,,,
-43.63243866,-31.89302826,,,,
-43.7023468,-31.89256477,,,,
-43.8154335,-31.90268898,,,,
-43.90357971,-31.9036293,,,,
-44.00098801,-31.9018631,,,,
-44.09114456,-31.90481567,,,,
-44.18796539,-31.91722298,,,,
-44.27440262,-31.90686417,,,,
-44.32820892,-31.90092468,,,,
-44.43424606,-31.90701675,,,,
-44.50160599,-31.91417122,,,,
-44.63746643,-31.92481995,,,,
-44.72847748,-31.92193413,,,,
-44.80798721,-31.91559219,,,,
-44.88185501,-31.91895676,,,,
-44.97656631,-31.91899681,,,,
-45.04832077,-31.91711426,,,,
-45.13744736,-31.93491173,,,,
-45.3261528,-31.92126465,,,,
-45.50186157,-31.92575455,,,,
-45.58314514,-31.92893791,,,,
-45.65911865,-31.94374657,,,,
-45.75051498,-31.94014168,,,,
-45.84744644,-31.9288063,,,,
-45.92738342,-31.93293571,,,,
-46.02617645,-31.93334389,,,,
-46.08560181,-31.93722916,,,,
-46.19260406,-31.93853188,,,,
-46.27846909,-31.94419861,,,,
-46.36257553,-31.94094276,,,,
-46.44770813,-31.94110489,,,,
-46.54193115,-31.94647217,,,,
-46.63422012,-31.94621086,,,,
-46.68277359,-31.95166969,,,,
-46.80020142,-31.95145988,,,,
-46.89116287,-31.9521656,,,,
-46.96364975,-31.94872284,,,,
-47.07102585,-31.95203018,,,,
-47.1599617,-31.94988823,,,,
-47.24105072,-31.95500183,,,,
-47.32143784,-31.96601677,,,,
-47.4238739,-31.95573616,,,,
-47.48646927,-31.96394539,,,,
-47.60323334,-31.94926262,,,,
-47.77420425,-31.96417427,,,,
-47.86727524,-31.95637512,,,,
-47.94122314,-31.94735146,,,,
-48.0428009,-31.96450806,,,,
-48.21079254,-31.96587372,,,,
-48.29144669,-31.96867561,,,,
-48.37518311,-31.96883965,,,,
-48.46554184,-31.96963692,,,,
-48.55135345,-31.97115898,,,,
-48.66677856,-31.9568634,,,,
-48.73800278,-31.97081566,,,,
-48.82416153,-31.97682571,,,,
-48.90821075,-31.971138,,,,
-49.00430679,-31.97644043,,,,
-49.09514618,-31.97730637,,,,
-49.1914444,-31.96749496,,,,
-49.27336121,-31.97227287,,,,
-49.35738754,-31.97767639,,,,
-49.43795013,-31.97792625,,,,
-49.51431656,-31.98163795,,,,
-49.60066605,-31.99098778,,,,
-49.72014618,-31.98553848,,,,
-49.79119492,-31.9623642,,,,
-49.8853569,-31.97470284,,,,
-49.98293686,-31.98425293,,,,
-50.05485153,-31.98346329,,,,
-50.12620926,-31.99348831,,,,
-50.23432159,-31.99350929,,,,
-50.31469345,-31.98742676,,,,
-50.40218735,-31.98814011,,,,
-50.49318314,-31.99256134,,,,
-50.57000351,-32.00452423,,,,
-50.66171646,-32.00614548,,,,
-50.74924469,-31.99175644,,,,
-50.84896469,-31.99934196,,,,
-50.93728638,-32.00093079,,,,
-51.03467178,-32.01028442,,,,
-51.11790848,-32.01387024,,,,
-51.19594955,-32.01157761,,,,
-51.28767014,-32.00310135,,,,
-51.38208771,-31.98983765,,,,
-51.46534348,-32.00737,,,,
-51.56282425,-32.00991821,,,,
-51.6397171,-32.02767944,,,,
-51.72607422,-32.00255585,,,,
-51.80081558,-32.00761795,,,,
-51.91505432,-32.0207634,,,,
-51.99357224,-32.01522446,,,,
-52.07678604,-32.00775909,,,,
-52.17656326,-32.0135994,,,,
-52.24433517,-32.01768494,,,,
-52.37097931,-32.01808167,,,,
-52.43475723,-32.02618027,,,,
-52.52321625,-32.02642441,,,,
-52.60648346,-32.02415466,,,,
-52.69148254,-32.0293045,,,,
-52.78594589,-32.02609253,,,,
-52.87306595,-32.02396774,,,,
-52.97230911,-32.02213287,,,,
-53.04635239,-32.02733612,,,,
-53.12157822,-32.03238678,,,,
-53.20775604,-32.05160904,,,,
-53.30994415,-32.04465103,,,,
-53.4114418,-32.03761673,,,,
-53.485672,-32.04188156,,,,
-53.58214569,-32.04273987,,,,
-53.67795563,-32.03717041,,,,
-53.75998306,-32.03790665,,,,
-53.83231354,-32.04170227,,,,
-53.89673615,-32.04467773,,,,
-54.01119995,-32.04554749,,,,
-54.10132599,-32.04668045,,,,
-54.18880463,-32.04409409,,,,
-54.27392197,-32.0484314,,,,
-54.35881805,-32.05973053,,,,
-54.43011475,-32.07216644,,,,
-54.51867676,-32.05952072,,,,
-54.6060257,-32.05213165,,,,
-54.72062302,-32.04982376,,,,
-54.79669571,-32.06491089,,,,
-54.88647842,-32.0854454,,,,
-55.04835892,-32.06127548,,,,
-55.14584732,-32.0773201,,,,
-55.23191452,-32.08095169,,,,
-55.32756805,-32.08544922,,,,
-55.41001892,-32.07823181,,,,
-55.49702835,-32.08158493,,,,
-55.57236481,-32.09760666,,,,
-55.66451645,-32.0885849,,,,
-55.75196838,-32.08981705,,,,
-55.84437943,-32.09887314,,,,
-55.95715332,-32.09164429,,,,
-56.03447342,-32.07786942,,,,
-56.12384796,-32.09128571,,,,
-56.22797012,-32.09890747,,,,
-56.27431488,-32.11164856,,,,
-56.37223053,-32.10514069,,,,
-56.45782089,-32.09613037,,,,
-56.55451965,-32.1272316,,,,
-56.64781952,-32.11278152,,,,
-56.73997116,-32.11117172,,,,
-56.81309128,-32.11732101,,,,
-56.93462753,-32.11166,,,,
-56.98406219,-32.11539078,,,,
-57.10744476,-32.12288284,,,,
-57.16944122,-32.11876678,,,,
-57.28810501,-32.11179733,,,,
-57.35925293,-32.12165833,,,,
-57.42311478,-32.13222885,,,,
-57.53968048,-32.11951447,,,,
-57.61233902,-32.12268066,,,,
-57.70094681,-32.12269211,,,,
-57.79514313,-32.12314224,,,,
-57.88323212,-32.117939,,,,
-57.98241806,-32.12399673,,,,
-58.06123352,-32.11866379,,,,
-58.139534,-32.13511276,,,,
-58.21938705,-32.15462875,,,,
-58.31977463,-32.14823151,,,,
-58.37690353,-32.14421082,,,,
-58.49303436,-32.12975693,,,,
-58.58223343,-32.12242889,,,,
-58.66589737,-32.13422012,,,,
-58.76435471,-32.14715576,,,,
-58.84374237,-32.1493187,,,,
-58.93002701,-32.15324402,,,,
-59.01491547,-32.15815353,,,,
-59.12009048,-32.15595627,,,,
-59.20926666,-32.15180588,,,,
-59.30141068,-32.13817215,,,,
-59.38246918,-32.16097641,,,,
-59.5474968,-32.16346359,,,,
-59.61769104,-32.17591095,,,,
-59.7153511,-32.17272186,,,,
-59.81628037,-32.16284943,,,,
-59.91220474,-32.16824722,,,,
-59.98956299,-32.17350006,,,,
-60.07100677,-32.20483398,,,,
-60.15493774,-32.16376495,,,,
-60.24280167,-32.16260529,,,,
-60.32084656,-32.15968704,,,,
-60.522789,-32.18120575,,,,
-60.6817627,-32.1792984,,,,
-60.76706696,-32.17602158,,,,
-60.84341431,-32.18774414,,,,
-60.92420578,-32.1799469,,,,
-61.03358841,-32.18621445,,,,
-61.13691711,-32.19268417,,,,
-61.23353195,-32.19926071,,,,
-61.31073761,-32.19912338,,,,
-61.38114166,-32.20849228,,,,
-61.48667908,-32.20436096,,,,
-61.56053543,-32.1965332,,,,
-61.65746307,-32.20357513,,,,
-61.75621033,-32.20306778,,,,
-61.83042908,-32.20756531,,,,
-61.9209404,-32.20648956,,,,
-62.0385437,-32.21553802,,,,
-62.10184097,-32.22642517,,,,
-62.27674103,-32.20777893,,,,
-62.44857788,-32.21559906,,,,
-62.63680267,-32.21920776,,,,
-62.80931091,-32.22101593,,,,
-62.89920807,-32.22731781,,,,
-62.98522186,-32.23096848,,,,
-63.08651733,-32.22327042,,,,
-63.16231537,-32.22109985,,,,
-63.2489624,-32.207901,,,,
-63.43558121,-32.24284363,,,,
-64.04328918,-32.23269272,,,,
-64.12570953,-32.23755646,,,,
-64.2011261,-32.23221207,,,,
-64.32278442,-32.23735046,,,,
-64.42106628,-32.24097443,,,,
-64.4894104,-32.23593903,,,,
-64.57874298,-32.23894119,,,,
-64.65331268,-32.23857498,,,,
-64.74063873,-32.23370743,,,,
-64.96341705,-32.25090027,,,,
-65.04175568,-32.25029755,,,,
-65.12004852,-32.24252319,,,,
-65.20342255,-32.23826981,,,,
-65.28115845,-32.25753784,,,,
-65.37507629,-32.25246048,,,,
-65.44580841,-32.24650955,,,,
-65.56578827,-32.2419014,,,,
-65.71887207,-32.24766922,,,,
-65.80064392,-32.24142075,,,,
-65.88668823,-32.24006653,,,,
-65.98347473,-32.24279404,,,,
-66.0789566,-32.24651337,,,,
-66.17771912,-32.24198532,,,,
-66.25058746,-32.23207474,,,,
-66.32279968,-32.23971939,,,,
-66.41965485,-32.23323822,,,,
-66.51283264,-32.23924255,,,,
-66.59429932,-32.24741364,,,,
-66.68730927,-32.2195015,,,,
-66.7705307,-32.22886658,,,,
-66.87911987,-32.22124863,,,,
-66.95664215,-32.20933533,,,,
-67.03117371,-32.20651245,,,,
-67.11951447,-32.2020607,,,,
-67.20036316,-32.1822319,,,,
-67.30196381,-32.20588303,,,,
-67.56264496,-32.17673111,,,,
-67.72634888,-32.17948151,,,,
-67.82010651,-32.18152618,,,,
-67.9103775,-32.16352844,,,,
-68.00370789,-32.14385605,,,,
-68.08640289,-32.15581512,,,,
-68.15866852,-32.16203308,,,,
-68.25628662,-32.14990234,,,,
-68.36377716,-32.1420517,,,,
-68.43134308,-32.12540054,,,,
-68.51264954,-32.10839462,,,,
-68.59990692,-32.10956955,,,,
-68.68479156,-32.11108017,,,,
-68.78159332,-32.0971756,,,,
-68.8352356,-32.0931282,,,,
-68.96578217,-32.07675171,,,,
-69.03414154,-32.05256271,,,,
-69.12863922,-32.06363678,,,,
-69.22368622,-32.06508636,,,,
-69.29358673,-32.04810715,,,,
-69.37765503,-32.04602051,,,,
-69.46411896,-32.06248474,,,,
-69.55510712,-32.04047394,,,,
-69.65505219,-32.03003311,,,,
-69.71242523,-32.01768494,,,,
-69.84791565,-32.01337051,,,,
-69.8914032,-31.99586678,,,,
-69.9930191,-31.98378754,,,,
-70.0754776,-31.97211456,,,,
-70.15280151,-31.96501541,,,,
-70.22983551,-31.95200729,,,,
-70.3167038,-31.94001007,,,,
-70.4175415,-31.93349648,,,,
-70.4970932,-31.92052269,,,,
-70.57176971,-31.9116497,,,,
-70.68183899,-31.8940506,,,,
-70.76041412,-31.88121033,,,,
-70.82769012,-31.85339165,,,,
-70.91776276,-31.84461975,,,,
-71.01002502,-31.83882141,,,,
-71.09541321,-31.80760574,,,,
-71.15353394,-31.8030529,,,,
-71.23254395,-31.80034065,,,,
-71.32622528,-31.79463768,,,,
-71.40766144,-31.77646446,,,,
-71.48626709,-31.75735092,,,,
-71.56108093,-31.72070122,,,,
-71.62692261,-31.70533752,,,,
-71.72652435,-31.68862343,,,,
-71.79369354,-31.68095779,,,,
-71.89981842,-31.66699219,,,,
-71.94133759,-31.64840889,,,,
-72.03526306,-31.62021446,,,,
-72.11392212,-31.58328438,,,,
-72.29673004,-31.55974197,,,,
-72.34127045,-31.50929832,,,,
-72.40894318,-31.50175667,,,,
-72.51346588,-31.47454071,,,,
-72.57447815,-31.45787811,,,,
-72.67399597,-31.45140457,,,,
-72.70653534,-31.41514587,,,,
-72.81208801,-31.40057564,,,,
-72.88739777,-31.36688614,,,,
-72.99622345,-31.34249306,,,,
-73.04308319,-31.30058098,,,,
-73.14614105,-31.26579666,,,,
-73.1938858,-31.25427055,,,,
-73.29682159,-31.22410393,,,,
-73.33692932,-31.19845963,,,,
-73.46099854,-31.17762184,,,,
-73.52081299,-31.15184402,,,,
-73.61495209,-31.10311508,,,,
-73.68004608,-31.07016754,,,,
-73.76792908,-31.04157829,,,,
-73.80899811,-31.01984215,,,,
-73.90177917,-30.98526764,,,,
-74.02732849,-30.95969772,,,,
-74.06855011,-30.90883446,,,,
-74.14378357,-30.87453461,,,,
-74.20695496,-30.81948471,,,,
-74.36371613,-30.78064156,,,,
-74.43681335,-30.75478172,,,,
-74.52111053,-30.72782135,,,,
-74.60092926,-30.67156219,,,,
-74.66738129,-30.65366173,,,,
-74.76358795,-30.61317825,,,,
-74.81876373,-30.5786972,,,,
-74.88998413,-30.52795029,,,,
-74.93861389,-30.48069191,,,,
-75.01327515,-30.45663643,,,,
-75.0925827,-30.41955566,,,,
-75.17710114,-30.384058,,,,
-75.243927,-30.3427639,,,,
-75.31118774,-30.30177879,,,,
-75.39537811,-30.24234962,,,,
-75.46521759,-30.21912003,,,,
-75.522789,-30.17988586,,,,
-75.59289551,-30.13343811,,,,
-75.66851807,-30.09408379,,,,
-75.74558258,-30.04706955,,,,
-75.8195343,-30.00023079,,,,
-75.88796997,-29.95772743,,,,
-75.96263886,-29.91450691,,,,
-76.02333069,-29.88275528,,,,
-76.09082031,-29.8364048,,,,
-76.15198517,-29.79033279,,,,
-76.22290039,-29.75046158,,,,
-76.29167938,-29.69671822,,,,
-76.35958862,-29.64694023,,,,
-76.44570923,-29.59958839,,,,
-76.50679779,-29.56296158,,,,
-76.56371307,-29.51779556,,,,
-76.65816498,-29.45611763,,,,
-76.70200348,-29.40472412,,,,
-76.76699829,-29.35352898,,,,
-76.82658386,-29.2977581,,,,
-76.90561676,-29.25282097,,,,
-76.97015381,-29.18067551,,,,
-77.03985596,-29.14427567,,,,
-77.11512756,-29.09356689,,,,
-77.1914978,-29.04134178,,,,
-77.23916626,-28.99977493,,,,
-77.33596802,-28.94031906,,,,
-77.37896729,-28.89468956,,,,
-77.4566803,-28.83546829,,,,
-77.49667358,-28.78022766,,,,
-77.57322693,-28.73809624,,,,
-77.62747955,-28.67606354,,,,
-77.70623016,-28.62312508,,,,
-77.7461853,-28.56900024,,,,
-77.82793427,-28.50816345,,,,
-77.86229706,-28.46136475,,,,
-77.94065857,-28.39980507,,,,
-77.99604034,-28.3468914,,,,
-78.05957794,-28.2949543,,,,
-78.08372498,-28.23479271,,,,
-78.170578,-28.16937637,,,,
-78.21849823,-28.10423279,,,,
-78.2729187,-28.04670715,,,,
-78.31996155,-27.98562622,,,,
-78.40856934,-27.9392395,,,,
-78.45767975,-27.89029503,,,,
-78.50772095,-27.82844353,,,,
-78.56180573,-27.75140762,,,,
-78.63219452,-27.70280457,,,,
-78.67884827,-27.63276482,,,,
-78.73651886,-27.56719017,,,,
-78.7763443,-27.52355385,,,,
-78.84853363,-27.4600029,,,,
-78.90386963,-27.39522743,,,,
-78.9743042,-27.3300972,,,,
-78.99213409,-27.27926064,,,,
-79.06610107,-27.20480919,,,,
-79.1180954,-27.13566399,,,,
-79.15821075,-27.06087685,,,,
-79.22743225,-27.01129341,,,,
-79.27305603,-26.96054268,,,,
-79.32158661,-26.88144302,,,,
-79.3842392,-26.82314873,,,,
-79.44113159,-26.74725533,,,,
-79.49581146,-26.69630432,,,,
-79.55745697,-26.64087868,,,,
-79.5982666,-26.56640244,,,,
-79.63656616,-26.48817444,,,,
-79.68578339,-26.4418869,,,,
-79.73399353,-26.3625412,,,,
-79.78554535,-26.29754066,,,,
-79.8470993,-26.22512436,,,,
-79.90312195,-26.15440559,,,,
-79.94684601,-26.08726501,,,,
-80.00189209,-26.02512169,,,,
-80.03379822,-25.95423317,,,,
-80.07337189,-25.87922668,,,,
-80.11691284,-25.83347702,,,,
-80.16467285,-25.76562119,,,,
-80.26192474,-25.69781494,,,,
-80.29338837,-25.61798286,,,,
-80.34568024,-25.54501534,,,,
-80.35718536,-25.46611977,,,,
-80.40784454,-25.38855362,,,,
-80.43504334,-25.32601738,,,,
-80.51194763,-25.25265503,,,,
-80.55197906,-25.18698311,,,,
-80.58674622,-25.10714149,,,,
-80.63645935,-25.04510498,,,,
-80.6630249,-24.97646523,,,,
-80.70843506,-24.89911461,,,,
-80.74501801,-24.83421326,,,,
-80.77923584,-24.75641441,,,,
-80.8343277,-24.6857357,,,,
-80.88386536,-24.61259079,,,,
-80.92211914,-24.54317284,,,,
-80.94611359,-24.44829178,,,,
-80.99552917,-24.38529778,,,,
-81.00310516,-24.33343887,,,,
-81.04579926,-24.24867821,,,,
-81.10061646,-24.16781425,,,,
-81.14464569,-24.0863781,,,,
-81.17855835,-24.01108742,,,,
-81.22091675,-23.94204521,,,,
-81.24047089,-23.86297035,,,,
-81.28742218,-23.79614449,,,,
-81.32178497,-23.73410606,,,,
-81.34080505,-23.67660522,,,,
-81.39355469,-23.59633446,,,,
-81.42179871,-23.52014923,,,,
-81.4434433,-23.4418354,,,,
-81.49316406,-23.35506439,,,,
-81.50227356,-23.25565338,,,,
-81.52857208,-23.19189835,,,,
-81.55998993,-23.12873268,,,,
-81.63193512,-23.04597855,,,,
-81.67080688,-22.99254036,,,,
-81.67077637,-22.9073143,,,,
-81.70526123,-22.81794548,,,,
-81.72306824,-22.72524071,,,,
-81.76218414,-22.64958572,,,,
-81.7904892,-22.57093239,,,,
-81.81655884,-22.50523186,,,,
-81.84552002,-22.42372704,,,,
-81.8669281,-22.3427372,,,,
-81.90943909,-22.26905441,,,,
-81.93102264,-22.17791939,,,,
-81.96878815,-22.10147095,,,,
-82.0124054,-22.00818253,,,,
-82.00582123,-21.9282856,,,,
-82.00663757,-21.84877014,,,,
-82.04965973,-21.77580261,,,,
-82.07175446,-21.71566391,,,,
-82.09642029,-21.62048912,,,,
-82.11277771,-21.53839684,,,,
-82.12287903,-21.44665146,,,,
-82.14098358,-21.35699654,,,,
-82.18479156,-21.27490425,,,,
-82.17816925,-21.18585777,,,,
-82.1966095,-21.10656738,,,,
-82.23813629,-21.03203774,,,,
-82.27003479,-20.95018578,,,,
-82.27829742,-20.86676407,,,,
-82.29616547,-20.7865963,,,,
-82.30747986,-20.71537018,,,,
-82.32788849,-20.61626816,,,,
-82.35382843,-20.53595543,,,,
-82.36061096,-20.45744133,,,,
-82.377388,-20.38111687,,,,
-82.37212372,-20.29477501,,,,
-82.40574646,-20.21179008,,,,
-82.39555359,-20.10913277,,,,
-82.44802856,-20.03926086,,,,
-82.45297241,-19.93757248,,,,
-82.46096802,-19.89205933,,,,
-82.46958923,-19.79761887,,,,
-82.49571228,-19.70650291,,,,
-82.51830292,-19.66060829,,,,
-82.52117157,-19.55428314,,,,
-82.53567505,-19.48203087,,,,
-82.53163147,-19.38108253,,,,
-82.52999115,-19.27538109,,,,
-82.57228851,-19.20843887,,,,
-82.57435608,-19.12398911,,,,
-82.57582855,-19.045681,,,,
-82.58906555,-18.95600319,,,,
-82.59870911,-18.87330818,,,,
-82.60624695,-18.79248619,,,,
-82.62288666,-18.71622276,,,,
-82.62982941,-18.63877106,,,,
-82.62876129,-18.55164528,,,,
-82.64503479,-18.45829773,,,,
-82.65384674,-18.38159561,,,,
-82.67941284,-18.29813576,,,,
-82.66368103,-18.20316124,,,,
-82.66558075,-18.1034584,,,,
-82.6652832,-18.02495766,,,,
-82.67463684,-17.94671249,,,,
-82.70639801,-17.86326981,,,,
-82.68851471,-17.77526474,,,,
-82.69004059,-17.70056152,,,,
-82.70298004,-17.60603333,,,,
-82.70015717,-17.52184677,,,,
-82.70288086,-17.43284607,,,,
-82.71424103,-17.34442902,,,,
-82.72161865,-17.24886703,,,,
-82.69573212,-17.15108681,,,,
-82.70050049,-17.03839684,,,,
-82.71798706,-16.97774887,,,,
-82.70806885,-16.88314629,,,,
-82.68865204,-16.78103638,,,,
-82.68915558,-16.69696236,,,,
-82.71357727,-16.61086845,,,,
-82.68503571,-16.53599167,,,,
-82.67824554,-16.41119003,,,,
-82.68668365,-16.33381653,,,,
-82.71819305,-16.271101,,,,
-82.68551636,-16.18350983,,,,
-82.70281982,-16.08912659,,,,
-82.68955994,-15.99906445,,,,
-82.69495392,-15.922369,,,,
-82.68511963,-15.82056046,,,,
-82.7324295,-15.74494076,,,,
-82.70520782,-15.64840412,,,,
-82.72499847,-15.5709753,,,,
-82.67285919,-15.48159885,,,,
-82.70226288,-15.40165901,,,,
-82.66900635,-15.31445694,,,,
-82.68213654,-15.20589638,,,,
-82.67306519,-15.12594032,,,,
-82.66529083,-15.0437212,,,,
-82.66484833,-14.9522953,,,,
-82.67328644,-14.87866497,,,,
-82.66835785,-14.79804802,,,,
-82.66390991,-14.70406628,,,,
-82.64128876,-14.61795807,,,,
-82.64775085,-14.5457449,,,,
-82.64920807,-14.47686481,,,,
-82.64256287,-14.35496044,,,,
-82.64113617,-14.27863312,,,,
-82.61022186,-14.18073368,,,,
-82.62787628,-14.10097599,,,,
-82.60257721,-14.00517941,,,,
-82.59661102,-13.93039799,,,,
-82.60269165,-13.84806538,,,,
-82.59546661,-13.74893188,,,,
-82.59292603,-13.67655754,,,,
-82.55425262,-13.55736923,,,,
-82.55484009,-13.48599434,,,,
-82.53894043,-13.39493465,,,,
-82.5296936,-13.31266975,,,,
-82.53166962,-13.22506142,,,,
-82.51219177,-13.13941383,,,,
-82.51157379,-13.04564857,,,,
-82.5046463,-12.94877625,,,,
-82.49209595,-12.86830997,,,,
-82.48329926,-12.79555416,,,,
-82.47290802,-12.71283722,,,,
-82.47821045,-12.63942242,,,,
-82.47647095,-12.57411098,,,,
-82.43082428,-12.47461987,,,,
-82.43876648,-12.36606789,,,,
-82.41976166,-12.27684593,,,,
-82.39782715,-12.18576717,,,,
-82.40090179,-12.1055212,,,,
-82.38745117,-12.02580357,,,,
-82.36872864,-11.93645,,,,
-82.36930847,-11.8544178,,,,
-82.33764648,-11.76516151,,,,
-82.32069397,-11.67609692,,,,
-82.3032608,-11.58703613,,,,
-82.30698395,-11.51046562,,,,
-82.28952026,-11.41175365,,,,
-82.28797913,-11.34801483,,,,
-82.26940918,-11.25495243,,,,
-82.26998901,-11.15051651,,,,
-82.22636414,-11.07423782,,,,
-82.20966339,-10.99736404,,,,
-82.21668243,-10.90750313,,,,
-82.20656586,-10.82430077,,,,
-82.19702148,-10.75909901,,,,
-82.17353058,-10.66270638,,,,
-82.14292145,-10.56246471,,,,
-82.13104248,-10.46743965,,,,
-82.11758423,-10.39837837,,,,
-82.12046814,-10.340312,,,,
-82.08840179,-10.25230217,,,,
-82.07511902,-10.16409683,,,,
-82.05123138,-10.07590866,,,,
-82.04286194,-9.997265816,,,,
-82.03366089,-9.918732643,,,,
-82.00234222,-9.836025238,,,,
-81.99131775,-9.77107048,,,,
-81.96863556,-9.692369461,,,,
-81.98436737,-9.616866112,,,,
-81.93692017,-9.527344704,,,,
-81.93070984,-9.451340675,,,,
-81.90473938,-9.363646507,,,,
-81.86154938,-9.269365311,,,,
-81.8374176,-9.179931641,,,,
-81.82038116,-9.095048904,,,,
-81.79139709,-9.013067245,,,,
-81.79236603,-8.947309494,,,,
-81.73825836,-8.862859726,,,,
-81.72693634,-8.786655426,,,,
-81.7130661,-8.711448669,,,,
-81.68471527,-8.634999275,,,,
-81.69280243,-8.566867828,,,,
-81.65235901,-8.480714798,,,,
-81.62003326,-8.398901939,,,,
-81.59913635,-8.307391167,,,,
-81.57951355,-8.238578796,,,,
-81.55323029,-8.18103981,,,,
-81.54116821,-8.10696125,,,,
-81.50820923,-8.030715942,,,,
-81.47360229,-7.94834137,,,,
-81.44376373,-7.857830048,,,,
-81.40113068,-7.774308205,,,,
-81.37484741,-7.699174881,,,,
-81.35250854,-7.620998383,,,,
-81.3398056,-7.550307751,,,,
-81.27799988,-7.472756863,,,,
-81.27101898,-7.396984577,,,,
-81.22599792,-7.317079544,,,,
-81.20775604,-7.234666824,,,,
-81.14611816,-7.154190063,,,,
-81.11989594,-7.071358204,,,,
-81.11503601,-7.005439281,,,,
-81.05129242,-6.933220387,,,,
-81.04137421,-6.864927292,,,,
-81.0059433,-6.78493166,,,,
-80.93759155,-6.698638916,,,,
-80.90022278,-6.623448849,,,,
-80.86842346,-6.550132275,,,,
-80.88887024,-6.477965355,,,,
-80.84681702,-6.413038731,,,,
-80.79610443,-6.354198456,,,,
-80.76507568,-6.275161743,,,,
-80.73044586,-6.198375225,,,,
-80.69894409,-6.14567852,,,,
-80.6374054,-6.073437691,,,,
-80.6271286,-5.998905659,,,,
-80.57377625,-5.917304516,,,,
-80.52763367,-5.849278927,,,,
-80.50300598,-5.781950951,,,,
-80.4437027,-5.714074612,,,,
-80.41345215,-5.639285564,,,,
-80.39092255,-5.592615128,,,,
-80.3573761,-5.528521538,,,,
-80.29660797,-5.45293951,,,,
-80.28663635,-5.377273083,,,,
-80.21134949,-5.299394608,,,,
-80.13696289,-5.214179039,,,,
-80.09217072,-5.150759697,,,,
-80.05396271,-5.077311993,,,,
-80.01189423,-4.996232986,,,,
-79.97788239,-4.954312801,,,,
-79.91542816,-4.899057388,,,,
-79.87054443,-4.83835125,,,,
-79.8224411,-4.75983429,,,,
-79.7607193,-4.674058914,,,,
-79.73374939,-4.61071825,,,,
-79.66390991,-4.532857895,,,,
-79.64649963,-4.481922627,,,,
-79.57855988,-4.417986393,,,,
-79.5098877,-4.349257946,,,,
-79.46994019,-4.291400433,,,,
-79.45721436,-4.225570202,,,,
-79.39173126,-4.179432392,,,,
-79.3273468,-4.119695187,,,,
-79.25637817,-4.043723583,,,,
-79.21630859,-3.979276896,,,,
-79.17332459,-3.929895163,,,,
-79.1238327,-3.873010874,,,,
-79.07928467,-3.808312178,,,,
-79.02748871,-3.745769262,,,,
-78.96864319,-3.676089287,,,,
-78.89971924,-3.614565849,,,,
-78.87543488,-3.572861195,,,,
-78.79425049,-3.500914574,,,,
-78.76392365,-3.443589926,,,,
-78.66925812,-3.368503332,,,,
-78.62081146,-3.300617456,,,,
-78.53316498,-3.233184338,,,,
-78.49697876,-3.180556297,,,,
-78.44228363,-3.128178597,,,,
-78.37872314,-3.078423738,,,,
-78.33314514,-3.035219431,,,,
-78.26089478,-2.97775197,,,,
-78.2026062,-2.916640759,,,,
-78.15258789,-2.865906,,,,
-78.07736206,-2.801154375,,,,
-78.02562714,-2.745228291,,,,
-77.96073151,-2.693200111,,,,
-77.9336853,-2.65047431,,,,
-77.84049988,-2.595465422,,,,
-77.80774689,-2.54042244,,,,
-77.70037079,-2.47181344,,,,
-77.62978363,-2.428992987,,,,
-77.56587219,-2.384965897,,,,
-77.52411652,-2.338378906,,,,
-77.46844482,-2.294319868,,,,
-77.39485168,-2.233729839,,,,
-77.3323288,-2.170336723,,,,
-77.26662445,-2.119180202,,,,
-77.17732239,-2.058853865,,,,
-77.11450958,-2.017212629,,,,
-77.05725861,-1.979025602,,,,
-76.98954773,-1.942115068,,,,
-76.94783783,-1.899882436,,,,
-76.85415649,-1.840085387,,,,
-76.79463196,-1.796141863,,,,
-76.69815063,-1.73565352,,,,
-76.63569641,-1.683794141,,,,
-76.55566406,-1.637122989,,,,
-76.52371979,-1.599632502,,,,
-76.43793488,-1.564952493,,,,
-76.36753082,-1.507417917,,,,
-76.30888367,-1.476740956,,,,
-76.22148895,-1.425296068,,,,
-76.15439606,-1.355654716,,,,
-76.08467865,-1.319031239,,,,
-76.03549957,-1.303467631,,,,
-75.97463989,-1.278507113,,,,
-75.91173553,-1.248856068,,,,
-75.84024811,-1.208520412,,,,
-75.76545715,-1.152490854,,,,
-75.68236542,-1.098411679,,,,
-75.59919739,-1.056022882,,,,
-75.51218414,-1.017681122,,,,
-75.43677521,-0.965758264,,,,
-75.35638428,-0.926220894,,,,
-75.30023956,-0.902075171,,,,
-75.20326996,-0.86332655,,,,
-75.1403656,-0.820545197,,,,
-75.06739807,-0.788031995,,,,
-74.98397827,-0.760800064,,,,
-74.91030884,-0.723702312,,,,
-74.82512665,-0.673615098,,,,
-74.77592468,-0.638136983,,,,
-74.69470978,-0.607043564,,,,
-74.60997009,-0.572967172,,,,
-74.54309845,-0.547357202,,,,
-74.44519806,-0.523356736,,,,
-74.36956787,-0.482088298,,,,
-74.31049347,-0.454109609,,,,
-74.24791718,-0.427538902,,,,
-74.14660645,-0.395298094,,,,
-74.08280945,-0.348608732,,,,
-73.99237061,-0.323306322,,,,
-73.93784332,-0.300951153,,,,
-73.85925293,-0.279571235,,,,
-73.77706909,-0.248926476,,,,
-73.69605255,-0.222217366,,,,
-73.61206055,-0.193720117,,,,
-73.52233887,-0.147279352,,,,
-73.4449234,-0.1259159,,,,
-73.38370514,-0.107171722,,,,
-73.31438446,-0.085579216,,,,
-73.22605133,-0.057695676,,,,
-73.15139771,-0.044639233,,,,
-73.06214905,-0.012820631,,,,
-72.97737885,0.03790823,,,,
-72.90415192,0.037486561,,,,
-72.82232666,0.071519658,,,,
-72.77146912,0.085173927,,,,
-72.68386841,0.098429717,,,,
-72.63495636,0.109893218,,,,
-72.51356506,0.134983122,,,,
-72.42179108,0.152633309,,,,
-72.32640076,0.18456842,,,,
-72.24201202,0.221534267,,,,
-72.17411041,0.253251761,,,,
-72.09380341,0.268904984,,,,
-72.01665497,0.279411912,,,,
-71.94411469,0.291103899,,,,
-71.84911346,0.306094825,,,,
-71.75675964,0.323248148,,,,
-71.67238617,0.350436717,,,,
-71.59686279,0.36964187,,,,
-71.52672577,0.380525798,,,,
-71.44763947,0.39443785,,,,
-71.37152863,0.415770173,,,,
-71.28203583,0.432276279,,,,
-71.18651581,0.451848149,,,,
-71.08772278,0.461341798,,,,
-70.99407196,0.462482542,,,,
-70.9230423,0.481247127,,,,
-70.8610611,0.493896604,,,,
-70.78153229,0.504884601,,,,
-70.67765045,0.521126091,,,,
-70.58473206,0.527131438,,,,
-70.49972534,0.545631588,,,,
-70.41667938,0.561367452,,,,
-70.3445816,0.567724824,,,,
-70.23933411,0.570558131,,,,
-70.1391449,0.58811754,,,,
-70.05773163,0.619274735,,,,
-69.96670532,0.619075596,,,,
-69.87321472,0.617621779,,,,
-69.83221436,0.6282745,,,,
-69.73018646,0.648120582,,,,
-69.63639832,0.645850837,,,,
-69.56539917,0.656114101,,,,
-69.4651413,0.66356355,,,,
-69.37256622,0.675854862,,,,
-69.29294586,0.68312043,,,,
-69.19976807,0.687148392,,,,
-69.10754395,0.694624364,,,,
-69.03018951,0.706513107,,,,
-68.91902924,0.712993085,,,,
-68.87785339,0.705690205,,,,
-68.76953125,0.708724856,,,,
-68.67961884,0.708078623,,,,
-68.56732941,0.719495952,,,,
-68.49905396,0.727430761,,,,
-68.42635345,0.744616568,,,,
-68.33959198,0.7281937,,,,
-68.25203705,0.738371074,,,,
-68.16959381,0.746929407,,,,
-68.0877533,0.744642615,,,,
-68.00500488,0.740248382,,,,
-67.8874588,0.762431622,,,,
-67.80833435,0.763667941,,,,
-67.72219086,0.767888188,,,,
-67.63807678,0.771832347,,,,
-67.55084991,0.764226079,,,,
-67.46738434,0.770022631,,,,
-67.39925385,0.769927144,,,,
-67.29299927,0.766981363,,,,
-67.20583344,0.768863022,,,,
-67.11270142,0.761918247,,,,
-67.03499603,0.774666727,,,,
-66.96281433,0.782612145,,,,
-66.88224792,0.768934011,,,,
-66.79723358,0.766035199,,,,
-66.70254517,0.770120203,,,,
-66.60596466,0.776953697,,,,
-66.52275085,0.771094322,,,,
-66.40538025,0.768370569,,,,
-66.32765961,0.777225971,,,,
-66.24137878,0.772493362,,,,
-66.17931366,0.766015291,,,,
-66.08959198,0.764127254,,,,
-66.00298309,0.753979802,,,,
-65.92888641,0.752306104,,,,
-65.86303711,0.74031502,,,,
-65.76239777,0.743017972,,,,
-65.6678772,0.732089818,,,,
-65.57289886,0.746597111,,,,
-65.47493744,0.759943187,,,,
-65.37501526,0.753130436,,,,
-65.30912018,0.743236125,,,,
-65.20119476,0.740011752,,,,
-65.11079407,0.731846452,,,,
-65.00432587,0.739052296,,,,
-64.93847656,0.727874577,,,,
-64.82180023,0.725641429,,,,
-64.75975037,0.715630233,,,,
-64.66660309,0.714027166,,,,
-64.59165192,0.701479614,,,,
-64.47377777,0.70985955,,,,
-64.38725281,0.717208207,,,,
-64.2983551,0.689637482,,,,
-64.2212677,0.675242484,,,,
-64.11478424,0.68386209,,,,
-64.03838348,0.675326526,,,,
-63.93225861,0.677310526,,,,
-63.85191727,0.66175431,,,,
-63.76106644,0.655434847,,,,
-63.68103409,0.644118071,,,,
-63.58695221,0.640018642,,,,
-63.52296066,0.623939335,,,,
-63.19284058,0.618670881,,,,
-63.14221191,0.619263172,,,,
-63.04026413,0.607561469,,,,
-62.97131729,0.599289,,,,
-62.87044525,0.600686431,,,,
-62.78728104,0.589918256,,,,
-62.68613434,0.58569783,,,,
-62.58678818,0.574280322,,,,
-62.50009918,0.566460073,,,,
-62.43307495,0.555731177,,,,
-62.33304596,0.559547365,,,,
-62.26021957,0.548039496,,,,
-62.12597656,0.554150462,,,,
-62.07280731,0.553463101,,,,
-61.98884964,0.552530408,,,,
-61.90334702,0.528321326,,,,
-61.79930115,0.516346693,,,,
-61.71363831,0.511747122,,,,
-61.62070847,0.50761044,,,,
-61.52853775,0.504734397,,,,
-61.44530487,0.503909051,,,,
-61.3614502,0.493508369,,,,
-61.27778244,0.478641629,,,,
-61.19498062,0.468723804,,,,
-61.08405685,0.461631477,,,,
-61.02012253,0.459293216,,,,
-60.90643692,0.474211335,,,,
-60.79942703,0.483795404,,,,
-60.70159912,0.474602133,,,,
-60.61780167,0.475969732,,,,
-60.55336761,0.46217975,,,,
-60.44041443,0.446910918,,,,
-60.37171173,0.455624014,,,,
-60.29337692,0.457080245,,,,
-60.20779419,0.444803208,,,,
-60.1220932,0.423042297,,,,
-60.03785706,0.435059816,,,,
-59.94797897,0.429980874,,,,
-59.82619095,0.425180465,,,,
-59.76265717,0.426514149,,,,
-59.6808815,0.423420101,,,,
-59.6030159,0.415578574,,,,
-59.52296448,0.405452579,,,,
-59.43965912,0.413994044,,,,
-59.34634018,0.424761981,,,,
-59.27637863,0.41023764,,,,
-59.17726898,0.40271914,,,,
-59.10336304,0.381141394,,,,
-59.01695251,0.392697513,,,,
-58.94041824,0.402827054,,,,
-58.84347534,0.38802278,,,,
-58.74786377,0.396564513,,,,
-58.65983582,0.40514642,,,,
-58.57646179,0.418429643,,,,
-58.50810242,0.406700969,,,,
-58.39387131,0.393701434,,,,
-58.31540298,0.385619283,,,,
-58.22111511,0.388517886,,,,
-58.14323044,0.3976928,,,,
-58.05512619,0.422703326,,,,
-57.98081589,0.404341042,,,,
-57.89477539,0.398214757,,,,
-57.80429459,0.407047659,,,,
-57.70457459,0.414791018,,,,
-57.62812424,0.415243477,,,,
-57.54208755,0.419108838,,,,
-57.45539093,0.419291675,,,,
-57.35414886,0.414301604,,,,
-57.29161072,0.415570915,,,,
-57.18790054,0.424584061,,,,
-57.09976578,0.419427663,,,,
-57.00847626,0.436655045,,,,
-56.92971802,0.448456258,,,,
-56.83328247,0.446964294,,,,
-56.75481796,0.448474258,,,,
-56.67487335,0.448587984,,,,
-56.58670044,0.448055863,,,,
-56.51355743,0.452562153,,,,
-56.4175911,0.456229657,,,,
-56.35033798,0.456903815,,,,
-56.25457001,0.470039338,,,,
-56.16039658,0.476699293,,,,
-56.06249237,0.478779316,,,,
-55.9764061,0.491260409,,,,
-55.89304352,0.503602564,,,,
-55.81465912,0.507033229,,,,
-55.73509979,0.502245843,,,,
-55.66736984,0.485708326,,,,
-55.50209045,0.513675034,,,,
-55.3195343,0.535414636,,,,
-55.24073792,0.529358685,,,,
-55.16504288,0.530331373,,,,
-55.08024597,0.530099094,,,,
-54.96902084,0.541915655,,,,
-54.89387512,0.568646848,,,,
-54.79935074,0.581575871,,,,
-54.73823929,0.573663473,,,,
-54.65343094,0.569138825,,,,
-54.55010605,0.570691288,,,,
-54.46629715,0.586482167,,,,
-54.38143921,0.608744442,,,,
-54.27018356,0.616392076,,,,
-54.1713295,0.627363741,,,,
-54.1217308,0.63082099,,,,
-54.04394913,0.630041003,,,,
-53.92852402,0.647224367,,,,
-53.84416199,0.651040196,,,,
-53.73799133,0.647833705,,,,
-53.657444,0.668545127,,,,
-53.58217239,0.686120987,,,,
-53.49653244,0.697082758,,,,
-53.41787338,0.690224528,,,,
-53.31436157,0.709696233,,,,
-53.23608398,0.712607026,,,,
-53.12639618,0.736048877,,,,
-53.05277252,0.756649256,,,,
-52.95046616,0.750838161,,,,
-52.87402725,0.750875294,,,,
-52.7902565,0.75784421,,,,
-52.71142197,0.761629641,,,,
-52.60122299,0.774559617,,,,
-52.52862549,0.792907119,,,,
-52.42864609,0.809864461,,,,
-52.34484863,0.805779397,,,,
-52.25930023,0.813306034,,,,
-52.17726135,0.818704069,,,,
-52.08485794,0.833493948,,,,
-52.00080872,0.843179047,,,,
-51.91247177,0.844679534,,,,
-51.82231522,0.838029683,,,,
-51.71933746,0.86775887,,,,
-51.64258194,0.88581264,,,,
-51.56689072,0.885929108,,,,
-51.47864532,0.884039819,,,,
-51.39373779,0.878509045,,,,
-51.30086899,0.896772981,,,,
-51.2024231,0.92010206,,,,
-51.11565781,0.941281319,,,,
-51.00946808,0.941396952,,,,
-50.93448639,0.947799802,,,,
-50.84865189,0.952620029,,,,
-50.7638092,0.963363171,,,,
-50.68176651,0.974978924,,,,
-50.59399796,0.986213088,,,,
-50.49810791,1.006644249,,,,
-50.39999771,1.027600765,,,,
-50.24356842,1.021729708,,,,
-50.06934357,1.011319995,,,,
-49.96530533,1.025862098,,,,
-49.85650253,1.057019234,,,,
-49.78238297,1.046168685,,,,
-49.69212341,1.065785289,,,,
-49.62782669,1.069833636,,,,
-49.53028107,1.079821944,,,,
-49.44051361,1.091077209,,,,
-49.3399086,1.101973534,,,,
-49.26298141,1.109992146,,,,
-49.16973877,1.11861968,,,,
-49.08335876,1.125995398,,,,
-49.00864029,1.126727819,,,,
-48.92354965,1.118392944,,,,
-48.82271194,1.164224029,,,,
-48.73127747,1.164559364,,,,
-48.611866,1.172423005,,,,
-48.57229614,1.187673926,,,,
-48.45941162,1.195436835,,,,
-48.40297699,1.196935058,,,,
-48.27909851,1.202724934,,,,
-48.21380997,1.238777995,,,,
-48.11378098,1.232352495,,,,
-48.01542282,1.243789554,,,,
-47.91463852,1.284790874,,,,
-47.84898758,1.263115406,,,,
-47.76764297,1.276094437,,,,
-47.67900467,1.295696139,,,,
-47.59352112,1.299962759,,,,
-47.51358795,1.294875979,,,,
-47.40215302,1.29955864,,,,
-47.30973816,1.321024179,,,,
-47.23289871,1.308736444,,,,
-47.1568985,1.328648925,,,,
-47.04572296,1.339615703,,,,
-46.98548126,1.345408201,,,,
-46.88191605,1.351667404,,,,
-46.80984116,1.359024525,,,,
-46.71093369,1.369085193,,,,
-46.64598465,1.373194695,,,,
-46.53406525,1.392628908,,,,
-46.46453094,1.405509114,,,,
-46.34615707,1.418665051,,,,
-46.27865219,1.424553871,,,,
-46.16849518,1.431127071,,,,
-46.10583878,1.43736589,,,,
-45.99966812,1.455259442,,,,
-45.92757797,1.469892144,,,,
-45.8241272,1.469547629,,,,
-45.73552704,1.482297421,,,,
-45.64998627,1.493967056,,,,
-45.56183624,1.501429677,,,,
-45.47480392,1.526155233,,,,
-45.38434219,1.519037724,,,,
-45.27416992,1.521458745,,,,
-45.20819473,1.531409264,,,,
-45.1032753,1.544180036,,,,
-45.01101685,1.551834226,,,,
-44.92511749,1.565762043,,,,
-44.84508514,1.589317083,,,,
-44.74025345,1.593824506,,,,
-44.65070343,1.596367359,,,,
-44.57040787,1.59834826,,,,
-44.48962402,1.593215704,,,,
-44.39242935,1.610305071,,,,
-44.2889328,1.63367033,,,,
-44.20483017,1.646371841,,,,
-44.12033081,1.652103424,,,,
-44.04000092,1.667372227,,,,
-43.96476364,1.673505545,,,,
-43.85048676,1.670069456,,,,
-43.78046417,1.678175569,,,,
-43.67373276,1.680811644,,,,
-43.58232498,1.702151895,,,,
-43.48829269,1.722899675,,,,
-43.41690445,1.720062494,,,,
-43.35367203,1.690908194,,,,
-43.25115967,1.722909927,,,,
-43.16032028,1.736379147,,,,
-43.06946182,1.745818257,,,,
-42.96897507,1.755276084,,,,
-42.88767624,1.763442874,,,,
-42.80753326,1.775268316,,,,
-42.72862625,1.786010861,,,,
-42.64367294,1.805171728,,,,
-42.54670715,1.79698801,,,,
-42.45307159,1.810116172,,,,
-42.38079071,1.833439469,,,,
-42.29374313,1.835745811,,,,
-42.20122147,1.840419769,,,,
-42.1063385,1.843127131,,,,
-42.015625,1.864078641,,,,
-41.93205261,1.868522644,,,,
-41.81702423,1.883259773,,,,
-41.73453903,1.908709764,,,,
-41.66516495,1.915096641,,,,
-41.56651306,1.907489419,,,,
-41.50307083,1.906104445,,,,
-41.38199997,1.924976707,,,,
-41.31708145,1.943413734,,,,
-41.21671295,1.949929118,,,,
-41.13002014,1.965576053,,,,
-41.03570175,1.961763501,,,,
-40.95312881,1.963118792,,,,
-40.86785507,1.974609137,,,,
-40.76705551,1.994963288,,,,
-40.69410706,2.010351658,,,,
-40.58854675,2.005990744,,,,
-40.5153923,2.014220238,,,,
-40.40739059,2.03445673,,,,
-40.32164383,2.059712887,,,,
-40.25629425,2.060486078,,,,
-40.13953018,2.052250862,,,,
-40.05687332,2.053423643,,,,
-39.97185135,2.072586775,,,,
-39.88119888,2.093340158,,,,
-39.78355026,2.104208231,,,,
-39.68161011,2.126388788,,,,
-39.52553177,2.124755859,,,,
-39.33610153,2.151507616,,,,
-39.25509644,2.157296896,,,,
-39.15098572,2.160937309,,,,
-39.08549118,2.177136183,,,,
-38.98178864,2.189406633,,,,
-38.91701126,2.197602034,,,,
-38.80329132,2.195957899,,,,
-38.73389816,2.209448814,,,,
-38.62362289,2.221683741,,,,
-38.53268051,2.247216702,,,,
-38.46109009,2.240358591,,,,
-38.37958908,2.23375392,,,,
-38.29384995,2.25344038,,,,
-38.20819473,2.270942926,,,,
-38.10799789,2.283658028,,,,
-38.00500488,2.286337614,,,,
-37.91510773,2.291702271,,,,
-37.85681915,2.299122095,,,,
-37.76382828,2.298986435,,,,
-37.68120193,2.295699835,,,,
-37.58266449,2.322762728,,,,
-37.49613571,2.328475952,,,,
-37.40888214,2.344635725,,,,
-37.29020309,2.369144917,,,,
-37.2430954,2.352198839,,,,
-37.14614487,2.365850925,,,,
-37.0633812,2.378591537,,,,
-36.96426392,2.385077477,,,,
-36.88063812,2.398141623,,,,
-36.78721237,2.401410103,,,,
-36.71587753,2.423616648,,,,
-36.61193085,2.418714523,,,,
-36.52869797,2.432250977,,,,
-36.45804977,2.452061415,,,,
-36.34653854,2.452870369,,,,
-36.27500534,2.461496592,,,,
-36.17205811,2.467650175,,,,
-36.08134842,2.479920626,,,,
-35.99141693,2.485375643,,,,
-35.92298508,2.495416164,,,,
-35.82370377,2.50077796,,,,
-35.74131012,2.510403633,,,,
-35.65164185,2.515466213,,,,
-35.5567131,2.529978037,,,,
-35.46559525,2.542107344,,,,
-35.39386749,2.544755936,,,,
-35.27036667,2.557871342,,,,
-35.20729446,2.566040516,,,,
-35.1189003,2.577994108,,,,
-34.94527435,2.593080521,,,,
-34.84350967,2.597173214,,,,
-34.74230957,2.599874735,,,,
-34.6620903,2.624147892,,,,
-34.58224869,2.644872189,,,,
-34.49422455,2.645686388,,,,
-34.40557098,2.665497303,,,,
-34.31617737,2.666429758,,,,
-34.23453522,2.672837973,,,,
-34.14247513,2.679428816,,,,
-34.06942749,2.68983674,,,,
-33.97293854,2.692918301,,,,
-33.89050674,2.687124252,,,,
-33.79480743,2.699199677,,,,
-33.69599915,2.707652569,,,,
-33.61308289,2.735099554,,,,
-33.52013016,2.75538373,,,,
-33.43871689,2.759763479,,,,
-33.35708237,2.757894993,,,,
-33.28155899,2.770131588,,,,
-33.17657852,2.782025099,,,,
-33.09898376,2.800113678,,,,
-32.98334885,2.801024675,,,,
-32.90419388,2.808678865,,,,
-32.80959702,2.819549799,,,,
-32.74137497,2.82407856,,,,
-32.64256668,2.825073481,,,,
-32.55744171,2.842434645,,,,
-32.48180008,2.869767904,,,,
-32.36888504,2.856760263,,,,
-32.28604889,2.862745285,,,,
-32.20299912,2.868120909,,,,
-32.12326431,2.872292757,,,,
-32.03884125,2.886997223,,,,
-31.94682884,2.907003641,,,,
-31.85292053,2.919743299,,,,
-31.75504494,2.941606045,,,,
-31.66791344,2.939235449,,,,
-31.57683945,2.945069313,,,,
-31.49698448,2.953054428,,,,
-31.41994095,2.942028761,,,,
-31.32382965,2.969316006,,,,
-31.22758293,2.988982916,,,,
-31.13452339,3.002799273,,,,
-31.04167557,3.018346071,,,,
-30.98088837,3.030661345,,,,
-30.85963249,3.034785986,,,,
-30.7976265,3.033871889,,,,
-30.69244385,3.048474312,,,,
-30.61186218,3.049916029,,,,
-30.49443436,3.067873478,,,,
-30.43782043,3.076655149,,,,
-30.32585716,3.085379362,,,,
-30.26531982,3.103441715,,,,
-30.180933,3.105272055,,,,
-30.07728004,3.117757559,,,,
-30.01768303,3.123117924,,,,
-29.89183998,3.136328459,,,,
-29.80960846,3.150850534,,,,
-29.72531128,3.144525051,,,,
-29.62064743,3.171213865,,,,
-29.57204247,3.175658464,,,,
-29.47597122,3.182483435,,,,
-29.384758,3.191807508,,,,
-29.28775597,3.20394206,,,,
-29.20511246,3.213193893,,,,
-29.10318947,3.221534967,,,,
-29.0415535,3.230384111,,,,
-28.94220161,3.23827219,,,,
-28.86587524,3.255744696,,,,
-28.78884125,3.250981569,,,,
-28.68632889,3.259294987,,,,
-28.57043457,3.26857996,,,,
-28.49777412,3.288562059,,,,
-28.40005875,3.295292377,,,,
-28.35648346,3.297421932,,,,
-28.2614975,3.297538519,,,,
-28.15522957,3.304021835,,,,
-28.06243324,3.332913637,,,,
-27.94774437,3.349948406,,,,
-27.87148857,3.370141029,,,,
-27.76958466,3.37981534,,,,
-27.71440887,3.372934818,,,,
-27.61963654,3.364719152,,,,
-27.51550102,3.386146784,,,,
-27.41775322,3.403081656,,,,
-27.32510757,3.411291361,,,,
-27.23706245,3.42214942,,,,
-27.1548214,3.434548378,,,,
-27.0645504,3.446543455,,,,
-26.97805786,3.448846102,,,,
-26.88106155,3.462939739,,,,
-26.80805016,3.470057249,,,,
-26.69552422,3.483590126,,,,
-26.62100792,3.485956192,,,,
-26.53361893,3.492661715,,,,
-26.44498634,3.497969151,,,,
-26.37116051,3.512236595,,,,
-26.26501465,3.522003889,,,,
-26.18813705,3.538925886,,,,
-26.08450127,3.540858746,,,,
-25.98719215,3.539682388,,,,
-25.91489029,3.555853605,,,,
-25.83115768,3.562381268,,,,
-25.74240303,3.565636158,,,,
-25.6474781,3.574206114,,,,
-25.55189133,3.582532644,,,,
-25.46505928,3.595190763,,,,
-25.38726807,3.602925539,,,,
-25.30578041,3.61057353,,,,
-25.20392418,3.624726057,,,,
-25.16047287,3.629817247,,,,
-25.0300312,3.637811899,,,,
-24.95285606,3.642814636,,,,
-24.84951973,3.660976887,,,,
-24.78139687,3.679904699,,,,
-24.69228935,3.700121403,,,,
-24.60190392,3.702336311,,,,
-24.52781677,3.696830034,,,,
-24.44316483,3.689397812,,,,
-24.36227226,3.71327734,,,,
-24.25073433,3.745110512,,,,
-24.1689682,3.735534906,,,,
-24.08817291,3.743472576,,,,
-23.98721504,3.76177001,,,,
-23.9365387,3.766098022,,,,
-23.81054688,3.77280736,,,,
-23.7478447,3.788057566,,,,
-23.63124657,3.790269852,,,,
-23.57049942,3.800579786,,,,
-23.46901703,3.814525604,,,,
-23.3775959,3.825811625,,,,
-23.30104637,3.824517965,,,,
-23.2182827,3.8360672,,,,
-23.10233498,3.844448328,,,,
-23.04466057,3.859166384,,,,
-22.90685272,3.869987249,,,,
-22.85074234,3.889112711,,,,
-22.72821617,3.886847496,,,,
-22.70084763,3.895093679,,,,
-22.56958389,3.894176245,,,,
-22.48881149,3.910989046,,,,
-22.39161873,3.94350028,,,,
-22.31908607,3.936230421,,,,
-22.22215462,3.951233149,,,,
-22.13136482,3.952977419,,,,
-22.04963303,3.955800295,,,,
-21.95368004,3.969958305,,,,
-21.82866097,3.984137058,,,,
-21.76755333,3.997570515,,,,
-21.67138672,4.010313034,,,,
-21.57996941,4.014200211,,,,
-21.50620079,4.02496624,,,,
-21.40493584,4.032541752,,,,
-21.33955574,4.033000469,,,,
-21.23110962,4.048058033,,,,
-21.14592171,4.060470581,,,,
-21.05085564,4.073112488,,,,
-20.95996094,4.096144199,,,,
-20.8876915,4.090052128,,,,
-20.80874634,4.076267719,,,,
-20.7089386,4.111303806,,,,
-20.62497902,4.10461998,,,,
-20.54377174,4.097186089,,,,
-20.45495796,4.128695011,,,,
-20.35416603,4.14071703,,,,
-20.29618835,4.144618988,,,,
-20.16704369,4.151445866,,,,
-20.11803436,4.165730476,,,,
-20.00188255,4.172353745,,,,
-19.95209694,4.186318398,,,,
-19.84713936,4.19383049,,,,
-19.76797485,4.204173565,,,,
-19.64555931,4.217316628,,,,
-19.57602882,4.237472057,,,,
-19.47774506,4.234021187,,,,
-19.41402435,4.254709244,,,,
-19.30845261,4.256047726,,,,
-19.23830032,4.269171715,,,,
-19.09780693,4.282056808,,,,
-19.04932213,4.300330162,,,,
-18.93069839,4.309182644,,,,
-18.87748337,4.315369129,,,,
-18.75721931,4.320186138,,,,
-18.68722153,4.325849533,,,,
-18.55516815,4.335984707,,,,
-18.49755859,4.351119518,,,,
-18.38643456,4.369740963,,,,
-18.32663345,4.372391701,,,,
-18.23921013,4.377949238,,,,
-18.15617752,4.390882015,,,,
-18.05989075,4.398944855,,,,
-17.96357346,4.406848431,,,,
-17.91721153,4.419527531,,,,
-17.8459034,4.416333675,,,,
-17.78814316,4.416651726,,,,
-17.67865181,4.438024044,,,,
-17.56948853,4.463353634,,,,
-17.49151421,4.460324764,,,,
-17.38933754,4.464131832,,,,
-17.30694962,4.474011421,,,,
-17.22356606,4.475541592,,,,
-17.14158821,4.490516186,,,,
-17.06577492,4.503038406,,,,
-16.95799637,4.516459942,,,,
-16.85603905,4.541732311,,,,
-16.76989365,4.517827034,,,,
-16.68442345,4.523339272,,,,
-16.62077904,4.537229061,,,,
-16.52721024,4.545210361,,,,
-16.47105026,4.554996967,,,,
-16.34885406,4.555536747,,,,
-16.3051281,4.573854446,,,,
-16.19958115,4.585484982,,,,
-16.09901428,4.574366093,,,,
-16.023386,4.572269917,,,,
-15.9412632,4.56837368,,,,
-15.85838699,4.592857361,,,,
-15.78116798,4.606752396,,,,
-15.63991547,4.616651535,,,,
-15.57631207,4.631842613,,,,
-15.47146034,4.633740425,,,,
-15.37757206,4.629084587,,,,
-15.31509876,4.62959671,,,,
-15.2340126,4.629529953,,,,
-15.1152668,4.636398315,,,,
-15.03518486,4.638773918,,,,
-14.94178581,4.646007061,,,,
-14.84651184,4.660685539,,,,
-14.76529694,4.652648926,,,,
-14.64341736,4.662742138,,,,
-14.60596752,4.666266918,,,,
-14.47991562,4.664647579,,,,
-14.42421246,4.662995815,,,,
-14.298666,4.667777538,,,,
-14.23023796,4.666391373,,,,
-14.12099075,4.666862011,,,,
-14.05434608,4.665077686,,,,
-13.93374252,4.672824383,,,,
-13.883811,4.668831348,,,,
-13.75619602,4.670656681,,,,
-13.69372845,4.675163746,,,,
-13.58426476,4.68003273,,,,
-13.52484989,4.676231861,,,,
-13.41737843,4.666723251,,,,
-13.3571043,4.667591095,,,,
-13.2485466,4.68028307,,,,
-13.14791679,4.69491148,,,,
-13.06319714,4.699599743,,,,
-12.99752617,4.699096203,,,,
-12.89568043,4.679587841,,,,
-12.82102394,4.662443161,,,,
-12.71975994,4.662502289,,,,
-12.638237,4.664717197,,,,
-12.53842545,4.676710606,,,,
-12.47739315,4.692970276,,,,
-12.37126255,4.666704178,,,,
-12.27498627,4.657222271,,,,
-12.1832571,4.663137436,,,,
-12.13315487,4.657029152,,,,
-12.02153587,4.653928757,,,,
-11.98175812,4.649109364,,,,
-11.90117073,4.640444756,,,,
-11.81015587,4.625817776,,,,
-11.74044418,4.640145779,,,,
-11.6404171,4.640016079,,,,
-11.58914852,4.63600111,,,,
-11.49656582,4.627739429,,,,
-11.38639355,4.62339735,,,,
-11.31252289,4.616176128,,,,
-11.22411442,4.618296623,,,,
-11.12661839,4.609790325,,,,
-11.04148006,4.589021683,,,,
-10.9994278,4.600075722,,,,
-10.89387226,4.589920521,,,,
-10.85128498,4.579465866,,,,
-10.77193642,4.576550484,,,,
-10.65221787,4.572638988,,,,
-10.5521059,4.583044529,,,,
-10.4857645,4.55375576,,,,
-10.36249161,4.537693501,,,,
-10.26963329,4.542461872,,,,
-10.23525524,4.524302959,,,,
-10.12677193,4.506392002,,,,
-10.07270432,4.510000229,,,,
-9.959517479,4.507831097,,,,
-9.912192345,4.491551399,,,,
-9.77575016,4.492084026,,,,
-9.708171844,4.475368023,,,,
-9.63175869,4.462874413,,,,
-9.535658836,4.451411247,,,,
-9.49915123,4.437304974,,,,
-9.363306046,4.414039612,,,,
-9.310667992,4.407016277,,,,
-9.19896698,4.398177147,,,,
-9.141773224,4.388571262,,,,
-9.027342796,4.370781899,,,,
-8.96621418,4.353934765,,,,
-8.891627312,4.325876713,,,,
-8.784118652,4.311187744,,,,
-8.726220131,4.297214508,,,,
-8.635121346,4.304439068,,,,
-8.552703857,4.281517029,,,,
-8.47826004,4.250415325,,,,
-8.381566048,4.242260933,,,,
-8.338277817,4.207561493,,,,
-8.231840134,4.193029404,,,,
-8.150537491,4.176846504,,,,
-8.050671577,4.165323257,,,,
-7.977697849,4.134283543,,,,
-7.899158478,4.112461567,,,,
-7.821760654,4.09969759,,,,
-7.746239185,4.081898212,,,,
-7.690136433,4.058276176,,,,
-7.597956657,4.03757,,,,
-7.510500431,4.017301559,,,,
-7.446211338,3.985835075,,,,
-7.354399681,3.96595788,,,,
-7.286791325,3.935346127,,,,
-7.206738949,3.913330078,,,,
-7.136244297,3.894491911,,,,
-7.043200493,3.875025034,,,,
-7.032430649,3.835580349,,,,
-6.936472416,3.807314634,,,,
-6.824347496,3.783728123,,,,
-6.778236866,3.753533125,,,,
-6.658396244,3.741773605,,,,
-6.597506523,3.702202797,,,,
-6.514258862,3.685008764,,,,
-6.453491688,3.654259443,,,,
-6.360815525,3.618699074,,,,
-6.314032555,3.590540886,,,,
-6.208127499,3.554580927,,,,
-6.135586739,3.527818441,,,,
-6.051600933,3.499844074,,,,
-5.941722393,3.476624727,,,,
-5.857200146,3.448257446,,,,
-5.813611031,3.404325962,,,,
-5.720976353,3.368519783,,,,
-5.655577183,3.327940702,,,,
-5.59915781,3.288348436,,,,
-5.478429794,3.263165712,,,,
-5.425006866,3.231008291,,,,
-5.331221104,3.194533348,,,,
-5.290820599,3.169185638,,,,
-5.199345112,3.13002038,,,,
-5.139501095,3.079686403,,,,
-5.070578575,3.04275465,,,,
-4.99943018,3.009058714,,,,
-4.902946472,2.993617535,,,,
-4.842559338,2.941178799,,,,
-4.730678558,2.910301447,,,,
-4.677686691,2.866094828,,,,
-4.569733143,2.824977636,,,,
-4.534563065,2.773390055,,,,
-4.480643272,2.730395794,,,,
-4.403251171,2.689975023,,,,
-4.348565578,2.646767378,,,,
-4.224251747,2.625554562,,,,
-4.155750752,2.57783103,,,,
-4.063800335,2.54140687,,,,
-4.039351463,2.4879601,,,,
-3.955034733,2.448052883,,,,
-3.879935503,2.407058954,,,,
-3.811245918,2.359865189,,,,
-3.738379955,2.300439119,,,,
-3.663961172,2.266628504,,,,
-3.572481394,2.226716757,,,,
-3.529634476,2.181503296,,,,
-3.441218138,2.127604961,,,,
-3.381252527,2.08637476,,,,
-3.36920023,2.025730133,,,,
-3.264497519,1.979342103,,,,
-3.215134621,1.92349875,,,,
-3.120243788,1.886009455,,,,
-3.043864489,1.833843708,,,,
-2.954852819,1.793646216,,,,
-2.911745787,1.739686847,,,,
-2.833974361,1.686957359,,,,
-2.774458885,1.634125948,,,,
-2.710680008,1.582239509,,,,
-2.637838125,1.540897131,,,,
-2.577795982,1.493293881,,,,
-2.560818911,1.422447443,,,,
-2.48923111,1.368698239,,,,
-2.418151379,1.312223196,,,,
-2.34978199,1.281387687,,,,
-2.321165085,1.226092339,,,,
-2.135902882,1.151430011,,,,
-2.093346596,1.112637401,,,,
-2.032963276,1.061190248,,,,
-1.966571212,1.000287533,,,,
-1.898459196,0.955233216,,,,
-1.846170306,0.878423929,,,,
-1.81083405,0.834080577,,,,
-1.770315886,0.753626823,,,,
-1.679352641,0.699137628,,,,
-1.64076817,0.635345757,,,,
-1.554457784,0.577240825,,,,
-1.503167152,0.515117407,,,,
-1.430189133,0.432442397,,,,
-1.39273119,0.387632072,,,,
-1.346660852,0.333547384,,,,
-1.264039397,0.266206801,,,,
-1.227413416,0.211266622,,,,
-1.186549187,0.136832938,,,,
-1.117354631,0.072581708,,,,
-1.067168474,-0.008541143,,,,
-1.014028907,-0.051316574,,,,
-0.954993308,-0.112857021,,,,
-0.901606798,-0.170076415,,,,
-0.855749011,-0.236801237,,,,
-0.806033731,-0.278330803,,,,
-0.75826782,-0.356022686,,,,
-0.710960627,-0.426875353,,,,
-0.662950635,-0.500048757,,,,
-0.578684807,-0.558348536,,,,
-0.541117728,-0.622579396,,,,
-0.48897174,-0.674707413,,,,
-0.452814758,-0.706099391,,,,
-0.393742859,-0.790063977,,,,
-0.34604007,-0.866680145,,,,
-0.277964532,-0.97656846,,,,
-0.255360246,-1.049951315,,,,
-0.202040687,-1.107328296,,,,
-0.186537415,-1.180559874,,,,
-0.095355064,-1.233972549,,,,
-0.047473729,-1.282898188,,,,
-0.006569506,-1.347161889,,,,
0.025768697,-1.428034544,,,,
0.044343241,-1.508225679,,,,
0.11851424,-1.586461067,,,,
0.140794337,-1.657743454,,,,
0.218899146,-1.721310854,,,,
0.240782768,-1.7700876,,,,
0.308413625,-1.839119911,,,,
0.33321017,-1.901426077,,,,
0.365429968,-1.968677282,,,,
0.41811201,-2.056588173,,,,
0.419239879,-2.118752956,,,,
0.498050392,-2.199329615,,,,
0.512875676,-2.272609472,,,,
0.574200749,-2.328404665,,,,
0.586361766,-2.408863783,,,,
0.65496242,-2.487343073,,,,
0.667546809,-2.570626974,,,,
0.750019133,-2.628445387,,,,
0.763580561,-2.695412874,,,,
0.794347882,-2.772282124,,,,
0.836091697,-2.85567522,,,,
0.863812566,-2.940258741,,,,
0.900043845,-3.000205755,,,,
0.919201314,-3.090848446,,,,
0.948953152,-3.168067694,,,,
0.980600297,-3.246627569,,,,
1.018467426,-3.333466768,,,,
1.075599313,-3.392063379,,,,
1.078488231,-3.484755754,,,,
1.119382739,-3.542999983,,,,
1.160959721,-3.624132872,,,,
1.188873172,-3.683494329,,,,
1.194005847,-3.756179333,,,,
1.229532123,-3.809245586,,,,
1.253025651,-3.883836508,,,,
1.277350545,-3.978833437,,,,
1.308646321,-4.05710125,,,,
1.345145345,-4.131161213,,,,
1.38604784,-4.229510784,,,,
1.382601261,-4.321517468,,,,
1.416848779,-4.406814575,,,,
1.445587993,-4.496667385,,,,
1.47376883,-4.558433533,,,,
1.481695533,-4.638698101,,,,
1.525191784,-4.730513096,,,,
1.548984051,-4.799741745,,,,
1.582278609,-4.865443707,,,,
1.59779954,-4.943791866,,,,
1.602808833,-5.03579998,,,,
1.641283274,-5.126740932,,,,
1.659065843,-5.208571911,,,,
1.698781013,-5.293867588,,,,
1.708055377,-5.347123623,,,,
1.730057955,-5.419321537,,,,
1.740607619,-5.49749136,,,,
1.754356503,-5.588580132,,,,
1.785778642,-5.65846777,,,,
1.795446038,-5.728377342,,,,
1.819003582,-5.824920654,,,,
1.826736212,-5.930626869,,,,
1.8509022,-6.003221035,,,,
1.868261218,-6.078487873,,,,
1.898049951,-6.163184643,,,,
1.877682567,-6.24698925,,,,
1.938048244,-6.329125404,,,,
1.936276436,-6.411538601,,,,
1.936989188,-6.49762392,,,,
1.941688657,-6.589472294,,,,
1.959377408,-6.677857876,,,,
1.974458456,-6.780822754,,,,
1.964497566,-6.851112843,,,,
1.997315526,-6.95223856,,,,
2.008321047,-7.036450386,,,,
2.024607182,-7.127172947,,,,
2.039011002,-7.219343662,,,,
2.036439657,-7.293489933,,,,
2.048156261,-7.365476608,,,,
2.069864273,-7.435891628,,,,
2.075371027,-7.516699314,,,,
2.068985462,-7.615924835,,,,
2.089285135,-7.706122875,,,,
2.106870651,-7.79897213,,,,
2.084179878,-7.871317863,,,,
2.104049206,-7.952651501,,,,
2.102627754,-8.024874687,,,,
2.141073465,-8.103066444,,,,
2.138809204,-8.169505119,,,,
2.138956547,-8.2739048,,,,
2.148841619,-8.345575333,,,,
2.143681765,-8.442612648,,,,
2.13893795,-8.547047615,,,,
2.15596199,-8.617837906,,,,
2.141246796,-8.719510078,,,,
2.144162178,-8.800296783,,,,
2.142713547,-8.901275635,,,,
2.180005074,-8.962346077,,,,
2.175210476,-9.095451355,,,,
2.178023338,-9.188956261,,,,
2.170539379,-9.268094063,,,,
2.17472434,-9.313138962,,,,
2.196756601,-9.378837585,,,,
2.172766924,-9.450555801,,,,
2.186887264,-9.486035347,,,,
2.187872171,-9.526852608,,,,
2.195236206,-9.547448158,,,,
2.196845055,-9.548033714,,,,
2.191149712,-9.56810379,,,,
2.209480047,-9.566230774,,,,
2.193208218,-9.574307442,,,,
2.192079544,-9.568370819,,,,
2.189671755,-9.562449455,,,,
2.189448595,-9.567560196,,,,
2.199975729,-9.570875168,,,,
2.189725876,-9.567325592,,,,
2.192589283,-9.568436623,,,,
2.198016882,-9.565912247,,,,
2.191634655,-9.567961693,,,,
2.188835144,-9.568477631,,,,
2.197030306,-9.566911697,,,,
2.207530975,-9.564990044,,,,
2.190559864,-9.563819885,,,,
2.194101334,-9.566981316,,,,
2.177243233,-9.565038681,,,,
2.210201502,-9.568307877,,,,
2.172137737,-9.562428474,,,,
2.205035925,-9.568433762,,,,
2.175309658,-9.564881325,,,,
2.211164713,-9.5677948,,,,
2.174394608,-9.563934326,,,,
2.206665993,-9.567637444,,,,
2.17655611,-9.561627388,,,,
2.207324266,-9.56990242,,,,
2.173022747,-9.562045097,,,,
2.211874008,-9.567892075,,,,
2.176418066,-9.564035416,,,,
2.21060276,-9.568584442,,,,
2.172194958,-9.564336777,,,,
2.210322618,-9.566310883,,,,
2.176457882,-9.561888695,,,,
2.211728811,-9.567491531,,,,
2.172438622,-9.563700676,,,,
2.207725763,-9.567559242,,,,
2.176803112,-9.56191349,,,,
2.210468292,-9.566534042,,,,
2.174356222,-9.562232018,,,,
2.20934391,-9.566760063,,,,
2.174690485,-9.563745499,,,,
2.209871769,-9.567193031,,,,
2.172499895,-9.56305027,,,,
2.208555222,-9.56552124,,,,
2.172814846,-9.563739777,,,,
2.205634832,-9.566717148,,,,
2.174252272,-9.563248634,,,,
2.208353043,-9.566596985,,,,
2.17385602,-9.5602808,,,,
2.207676172,-9.568044662,,,,
2.173633814,-9.562030792,,,,
2.207601309,-9.566849709,,,,
2.176058292,-9.561098099,,,,
2.208529472,-9.568160057,,,,
2.176596642,-9.560872078,,,,
2.206266403,-9.567704201,,,,
2.175766706,-9.561130524,,,,
2.209114552,-9.568287849,,,,
2.174017191,-9.56036377,,,,
2.209256887,-9.56867981,,,,
2.177600622,-9.562077522,,,,
2.20886302,-9.565722466,,,,
2.174309731,-9.562269211,,,,
2.206616879,-9.566092491,,,,
2.171885252,-9.561144829,,,,
2.208940506,-9.568024635,,,,
2.172725677,-9.561583519,,,,
2.207653761,-9.566491127,,,,
2.174766302,-9.562976837,,,,
2.207834005,-9.565597534,,,,
2.172887325,-9.562930107,,,,
2.209603786,-9.565425873,,,,
2.173112631,-9.561049461,,,,
2.209721565,-9.564897537,,,,
2.177948952,-9.562381744,,,,
2.206899881,-9.566641808,,,,
2.175133705,-9.560817719,,,,
2.208616257,-9.567253113,,,,
2.17407918,-9.561312675,,,,
2.207273245,-9.566631317,,,,
2.172900677,-9.560993195,,,,
2.207205772,-9.567990303,,,,
2.173453331,-9.560435295,,,,
2.211227417,-9.565411568,,,,
2.175897121,-9.563075066,,,,
2.207496643,-9.565205574,,,,
2.172653675,-9.562097549,,,,
2.20811224,-9.566679001,,,,
2.174714327,-9.561969757,,,,
2.210212708,-9.565098763,,,,
2.173935413,-9.561819077,,,,
2.207270145,-9.567542076,,,,
2.174470901,-9.560800552,,,,
2.209652662,-9.565562248,,,,
2.176576853,-9.561495781,,,,
2.210874081,-9.564788818,,,,
2.176547289,-9.561578751,,,,
2.211826324,-9.563803673,,,,
2.172137022,-9.559884071,,,,
2.210704565,-9.565800667,,,,
2.17372942,-9.561200142,,,,
2.211290836,-9.564056396,,,,
2.174938202,-9.560480118,,,,
2.206685781,-9.564481735,,,,
2.172591925,-9.562400818,,,,
2.209427595,-9.564091682,,,,
2.1744802,-9.561563492,,,,
2.20688796,-9.564526558,,,,
2.173043013,-9.562076569,,,,
2.211852789,-9.563607216,,,,
2.174523592,-9.562212944,,,,
2.209813595,-9.564278603,,,,
2.173688889,-9.562317848,,,,
2.207831383,-9.563584328,,,,
2.17463541,-9.562824249,,,,
2.207146168,-9.564574242,,,,
2.174818039,-9.561890602,,,,
2.20714736,-9.563473701,,,,
2.170499563,-9.561837196,,,,
2.205372334,-9.56314373,,,,
2.173600912,-9.563517571,,,,
2.209218025,-9.563089371,,,,
2.173413277,-9.560770035,,,,
2.206454277,-9.562955856,,,,
2.171802998,-9.562446594,,,,
2.2097013,-9.56231308,,,,
2.176703215,-9.562941551,,,,
2.205908775,-9.563576698,,,,
2.174559832,-9.563835144,,,,
2.208039045,-9.562966347,,,,
2.172758102,-9.562157631,,,,
2.207971811,-9.562395096,,,,
2.17381382,-9.562394142,,,,
2.208855391,-9.5623312,,,,
2.174381256,-9.564230919,,,,
2.208516836,-9.562695503,,,,
